id,first_name,last_name,email,gender,ip_address,company Name,Language
604,Reagan,Raffels,vgoganki@independent.co.uk,Female,4.178.19.181,Adams-Heathcote,Georgian
156,Janey,Charlet,rormond6x@senate.gov,Genderqueer,110.218.33.87,"Breitenberg, Nolan and Kuhic",Kazakh
667,Ardeen,Ollis,lbellrn@edublogs.org,Male,64.146.83.12,"Parisian, Farrell and Daugherty",French
740,Caty,Salsbury,lastridge2x@telegraph.co.uk,Female,168.133.39.210,"Murphy, Ratke and Metz",Korean
665,Bogart,Tingly,ebaulcomberc@weather.com,Genderfluid,166.108.147.220,Watsica Group,Hindi
264,Delmer,O'Fallon,spawlingiz@163.com,Female,36.60.220.219,Johnston-Brakus,Finnish
672,Maxie,Oyley,bgreig1n@unicef.org,Non-binary,98.132.86.235,"Ondricka, Mante and Ritchie",Persian
130,Bradley,Tolhurst,rcraythorn7h@nsw.gov.au,Agender,112.41.49.13,Hudson-Beier,Ndebele
726,Jessamine,Fawckner,zpoltune8@adobe.com,Non-binary,88.31.68.174,Mayer Group,Kannada
706,Jase,Isaac,fwhatley4x@slate.com,Genderqueer,190.183.214.3,"Schuppe, Breitenberg and Ritchie",Indonesian
361,Marleah,Danilchenko,smcfalld6@howstuffworks.com,Polygender,34.241.218.28,Schowalter Inc,Punjabi
479,Anastassia,Kubera,fdenekampft@sitemeter.com,Non-binary,58.103.56.35,Ryan-Reichel,Bislama
273,Ranee,Fell,tcornilleaub2@vistaprint.com,Genderfluid,214.4.37.195,Bernier-Wintheiser,Estonian
1086,Corene,Folliott,remtage7a@npr.org,Bigender,36.60.220.219,Frami Group,Quechua
721,Sela,Gethyn,atranter37@omniture.com,Genderfluid,190.44.154.52,"Doyle, Hackett and Shields",Nepali
985,Sauncho,Withey,mfeltono6@answers.com,Genderfluid,97.203.108.23,Ziemann-Hammes,Hiri Motu
655,Rabbi,Shorbrook,cmccarron1u@pagesperso-orange.fr,Male,83.28.103.141,"Rempel, Zemlak and Lowe",Swahili
792,Linnea,Vernall,bgilchriest8n@gravatar.com,Male,139.94.47.80,O'Conner-Blick,Gagauz
744,Kent,Lightowler,psomnercn@t-online.de,Bigender,69.112.67.102,"Lebsack, Harris and Wisozk",French
762,Mick,Votier,loillerf3@telegraph.co.uk,Agender,10.0.32.128,"Stamm, Metz and Cronin",Moldovan
1070,Emelyne,Lutwyche,rhaffordfd@hc360.com,Non-binary,143.143.125.234,"Gerhold, Renner and Runte",Kashmiri
681,Wylie,Eatttok,hsimnelx@yahoo.co.jp,Genderqueer,97.203.108.23,"Stamm, Metz and Cronin",Mongolian
225,Francis,Tite,pruskelp@blogger.com,Genderfluid,137.236.163.148,Fay Group,Kurdish
957,Francis,Lincke,ehewsi4@i2i.jp,Polygender,91.69.195.26,"Corwin, Okuneva and Weissnat",Sotho
879,Perren,Hackleton,bciobutaroaz@odnoklassniki.ru,Female,100.13.190.138,Schultz-Stracke,Albanian
156,Nellie,Conyard,cglennpe@mit.edu,Bigender,148.149.229.164,Fisher-Emmerich,Kurdish
101,Angeli,Krink,dmcgeachie77@acquirethisname.com,Polygender,53.156.180.42,"Moore, Oberbrunner and Hackett",Croatian
396,Andris,Overall,sterbeek3f@yellowpages.com,Polygender,192.234.8.229,"Reichel, Wuckert and Hagenes",Dzongkha
892,Frannie,Mahoney,fsabatermu@ftc.gov,Female,12.59.253.3,"Schamberger, Dickens and Daniel",Latvian
771,Hally,Gerdes,cgethyn10@vkontakte.ru,Agender,220.134.229.78,"Sipes, Stehr and Hoeger",Bengali
1016,Rene,Cawtheray,bcleworth6y@wsj.com,Male,121.194.40.223,Skiles Group,Afrikaans
288,Dinnie,Hatchman,gmeineckqj@ucsd.edu,Polygender,90.68.52.103,Cummings-Shanahan,Yiddish
595,Winna,Georges,zburnittqy@aol.com,Male,227.184.219.172,Heathcote-Walter,Afrikaans
951,Beverlie,Martill,ddautryjp@github.io,Genderfluid,84.36.36.197,Gulgowski-Hammes,Tswana
240,Mindy,Cockman,pphillpsns@theguardian.com,Female,19.70.47.249,Dibbert LLC,Norwegian
1009,Kordula,Ayree,fhackleton1p@statcounter.com,Genderqueer,183.222.167.84,Wilderman-Kutch,West Frisian
693,Averyl,Jeste,mdewingc8@yahoo.co.jp,Agender,176.205.253.200,Auer-Lehner,Kyrgyz
508,Marlyn,Harler,jriggska@google.co.jp,Agender,162.149.69.27,Hegmann Inc,Bengali
1052,Cherrita,MacAindreis,khovelrh@webmd.com,Female,75.53.5.88,Beatty-Wyman,Kashmiri
887,Marlyn,Coyte,bshipstonat@baidu.com,Genderqueer,67.126.151.23,Lemke-Grant,German
705,Karolina,Luetkemeyers,knickolls3c@github.com,Female,207.41.246.222,Beer-Kilback,Belarusian
158,Tami,Fell,nsoigoux45@ebay.com,Female,108.204.140.130,Klocko-Ankunding,Quechua
254,Prisca,Finnes,tturrell4b@stumbleupon.com,Genderqueer,234.40.127.202,Hoppe and Sons,Moldovan
972,Andris,Newsome,lskeldingeo@mashable.com,Polygender,67.141.23.65,Erdman Inc,Azeri
809,Carry,Widdup,jben68@themeforest.net,Genderfluid,143.127.25.56,Runolfsdottir-Schoen,Czech
137,Nessa,Fairfull,stomainono@webnode.com,Polygender,212.188.127.71,Ankunding Inc,Tajik
601,Clare,Noseworthy,aocuddier8@pen.io,Genderqueer,76.151.140.146,"Wilkinson, Will and Runolfsdottir",Greek
1160,Joella,Tite,gvise5v@bbb.org,Male,249.78.196.104,"Farrell, Graham and Gutmann",Hebrew
445,Giulia,Emmitt,kbeedellcd@wufoo.com,Agender,84.92.45.181,Grimes Group,German
486,Davie,Stairmond,egauntere4@twitter.com,Female,225.16.0.210,"Becker, Osinski and Nader",Kannada
601,Damita,Coite,itidridge1l@histats.com,Bigender,183.222.167.84,Hudson-Grant,Assamese
845,Rosella,Jako,cadamecne@ucsd.edu,Agender,52.15.135.34,Lind-Towne,Zulu
811,Oliviero,Shields,bgopsalllf@163.com,Bigender,200.197.238.24,"Muller, Gusikowski and Skiles",Belarusian
306,Godfrey,Beynon,vchorleyid@themeforest.net,Genderqueer,164.236.126.238,Abernathy-Luettgen,German
631,Eleen,Glandfield,lvoelkerqa@cyberchimps.com,Male,146.18.252.12,Cormier LLC,Tamil
831,Wylie,Curmi,lbiswellfq@canalblog.com,Polygender,165.151.16.238,"Gutkowski, Runolfsdottir and Halvorson",Hiri Motu
745,Adela,Hearthfield,ljenceyfp@netlog.com,Genderqueer,126.188.41.143,Bergstrom-Gleichner,Dutch
831,Georgianne,Matiebe,adufauroe@boston.com,Genderfluid,47.101.59.47,Rutherford-Nitzsche,Hebrew
265,Ganny,Astridge,caldhamqd@yelp.com,Male,161.47.56.169,Luettgen-Friesen,Bulgarian
784,Miof mela,Bethune,mphlippi20@wsj.com,Female,62.118.94.186,"Abbott, Larkin and Russel",Dutch
513,Orbadiah,Brightie,nmollett7j@bigcartel.com,Agender,220.107.194.178,Wolff Inc,Dutch
603,Madelaine,Fell,ddicarlo4u@drupal.org,Non-binary,194.31.57.206,Aufderhar-Torp,Burmese
809,Anatollo,Foffano,byuillep4@time.com,Bigender,45.214.243.161,Koepp-Ondricka,Estonian
754,Diandra,Winterbottom,jskatesou@si.edu,Bigender,46.34.187.176,Hilpert Group,Romanian
446,Donny,Pere,sgrestye3i@mapquest.com,Genderqueer,101.11.170.141,Cruickshank-Pouros,Marathi
494,Mayor,Linger,tbarrspi@bing.com,Female,78.172.24.241,Wolff Inc,Armenian
200,Gale,Landy,jrederb6@goo.ne.jp,Genderfluid,176.163.77.238,Balistreri-Powlowski,Kazakh
509,Rudolph,Esposi,jreysonnq@harvard.edu,Genderfluid,224.207.116.102,McGlynn-Pfannerstill,Thai
447,Godfree,Guitel,bcrowley5o@google.cn,Female,170.229.88.82,Kovacek-Halvorson,Italian
394,Rollo,Rider,apetricekqh@tripadvisor.com,Agender,79.229.8.120,"Mayer, Kessler and Graham",Gagauz
338,Estrellita,Berrisford,uwinterbottomlw@soundcloud.com,Non-binary,175.75.140.52,"McGlynn, Rogahn and Emard",Thai
1015,Jemie,Roche,ppresdee8j@cocolog-nifty.com,Genderfluid,4.178.19.181,Abernathy-Luettgen,Persian
1051,Chandal,Sallery,rgadmanq8@mlb.com,Genderfluid,180.85.44.146,Gutkowski-Stehr,Kurdish
724,Corliss,Crake,jisackek9@usatoday.com,Genderfluid,255.65.27.122,"Rowe, Wilderman and Cummings",Punjabi
645,Rheba,Guitel,pbelchambers1v@mysql.com,Male,101.251.98.227,Lakin Inc,Polish
94,Bernadine,Mollett,skenna6@answers.com,Non-binary,158.171.119.87,"Ebert, Kozey and Hermann",Icelandic
66,Kent,Courage,ihancoxgu@photobucket.com,Bigender,140.132.16.17,Marvin-Koch,Lao
372,Peyter,Wimbridge,wquinane6o@themeforest.net,Polygender,49.126.117.200,"Ondricka, Mante and Ritchie",Kyrgyz
435,Carlota,Allan,ralderwickqt@ucoz.ru,Genderqueer,113.100.24.49,"Donnelly, Lesch and Boyer",Indonesian
39,Frankie,Landy,mseedhousemf@boston.com,Male,112.51.31.93,"Abbott, Larkin and Russel",Japanese
764,Genevieve,Worswick,chastieps@amazon.co.jp,Polygender,139.94.47.80,Brekke and Sons,Khmer
746,Nert,La Torre,bdennerly90@ebay.com,Bigender,227.244.82.158,"Gorczany, Rowe and Hayes",Hiri Motu
619,Lyndel,Luciani,nenright5k@cbslocal.com,Non-binary,233.20.153.252,Ryan-Kovacek,Kurdish
-97,Olimpia,Jedrzejewsky,gburchill4g@clickbank.net,Non-binary,117.254.145.66,Collins LLC,Hindi
856,Anatollo,Dmitrievski,ostockhillap@shareasale.com,Genderfluid,255.228.37.207,Purdy Group,Swati
546,Axel,Pancost,ncoiteh0@tinyurl.com,Male,36.189.235.250,Will-Ruecker,Kannada
614,Cornell,Quinane,svineyde@zimbio.com,Genderfluid,168.133.39.210,Raynor-Connelly,Latvian
1121,Bryna,Sallery,bdennerly90@ebay.com,Bigender,220.223.75.145,Nolan-Greenfelder,Indonesian
715,Sophie,Skeldinge,arusbridgei8@seattletimes.com,Female,243.116.35.122,Schuster Group,Somali
174,Dolph,Chinge,discowitzu@dyndns.org,Non-binary,14.129.145.34,Batz Inc,Tswana
726,Langsdon,Brosch,mmcmakiny@last.fm,Polygender,31.155.207.212,"Cruickshank, Beer and Mills",Burmese
637,Philipa,Bear,mphlippi20@wsj.com,Non-binary,105.239.127.129,Olson-Hudson,Catalan
647,Malvin,Terbeek,nliepinsdb@tuttocitta.it,Female,101.131.232.159,Schowalter-Larson,Filipino
473,Betsy,Fairfull,dmacadie12@linkedin.com,Female,21.8.96.114,"Nienow, Kertzmann and McClure",Papiamento
724,Abbie,Philippart,jlendonnj@cornell.edu,Non-binary,38.141.45.250,"Crooks, Torphy and Wyman",Haitian Creole
400,Izzy,Butters,smcarthurh8@quantcast.com,Genderfluid,150.215.201.138,"Schamberger, Dickens and Daniel",Spanish
671,Demeter,Geraudel,aghelardiqp@bigcartel.com,Genderqueer,243.116.35.122,Grimes Group,Malay
1120,Lem,Huchot,fdennidgedh@blogs.com,Genderfluid,135.252.225.85,"Breitenberg, Stehr and Hackett",Nepali
718,Rosella,Hinkins,eminty7g@uiuc.edu,Female,162.149.69.27,O'Hara-Gleichner,Hiri Motu
879,Nance,Hews,ethawpd@sina.com.cn,Bigender,149.5.209.78,"Schuppe, Breitenberg and Ritchie",Persian
344,Nilson,Prewer,akinworthy4e@mashable.com,Male,54.204.238.94,Casper LLC,Zulu
814,Gherardo,Hissett,ghumberstond4@omniture.com,Bigender,223.249.1.203,"Abshire, McKenzie and Purdy",Finnish
182,Ibby,Heisham,aszymondk@gnu.org,Bigender,68.34.255.14,Osinski-Hills,Luxembourgish
830,Suzanna,Ellick,vciobotaru2m@ebay.co.uk,Female,115.244.152.102,"Herman, Christiansen and Cartwright",Swati
908,August,McIlmorie,dmcelrea4t@answers.com,Polygender,100.214.170.222,Rath-Robel,Dhivehi
910,Karolina,Yerill,csasserj4@vkontakte.ru,Polygender,173.140.199.76,Langworth Inc,Hiri Motu
1016,Valina,Gopsall,btrillowag@europa.eu,Male,41.227.149.139,Prosacco-Stoltenberg,Romanian
386,Hilly,Seage,fclapham5q@ow.ly,Genderqueer,144.40.123.184,"Welch, Becker and Collier",Khmer
370,Skipp,Lewtey,bmontfordqq@artisteer.com,Genderqueer,52.115.22.90,Klein and Sons,Portuguese
385,Dawn,Bickerstaff,lmckernon6n@unicef.org,Agender,161.47.56.169,Bergstrom Group,Persian
945,Lenee,Hancox,dfeirn8q@bloglovin.com,Male,70.67.104.187,Harvey Inc,Danish
352,Ranee,Terbeek,mcurrer3w@jugem.jp,Genderqueer,144.40.123.184,Luettgen-Friesen,French
908,Ewen,Cucuzza,tsyder80@networksolutions.com,Male,36.19.98.221,Witting-Bahringer,Hiri Motu
826,Tomasine,Duguid,tdutch3m@amazonaws.com,Genderqueer,43.153.0.114,"Terry, Nitzsche and Zieme",Punjabi
657,Blane,Rachuig,btye5l@networkadvertising.org,Genderqueer,120.88.116.31,Treutel Group,Gujarati
815,Ketti,Labdon,ykyme6r@yellowbook.com,Bigender,166.250.26.242,"Goodwin, Schimmel and Cronin",Hungarian
477,Franklin,Barrs,cthews3s@bizjournals.com,Polygender,16.89.243.71,"VonRueden, Howell and Lubowitz",Tswana
189,Schuyler,Le Floch,jlatore5@posterous.com,Non-binary,52.15.135.34,"Nienow, Kertzmann and McClure",Papiamento
840,Titos,Elliker,ssabaterfk@dagondesign.com,Bigender,192.26.212.224,"Breitenberg, Stehr and Hackett",Tok Pisin
447,Jo,McTeague,erumpar@seesaa.net,Non-binary,73.46.85.214,Klein LLC,Swati
467,Jamey,Meegan,jricciardellie7@cbslocal.com,Non-binary,187.241.36.117,Reinger-Schaefer,Nepali
870,Kimmie,McGeachie,ndredge9n@gnu.org,Polygender,53.150.159.140,Ortiz-Beahan,Luxembourgish
773,Jorie,Heisham,payreehz@nbcnews.com,Female,234.98.110.62,Huels-Kub,German
865,Cassi,Stubbes,jellikerfa@yolasite.com,Male,134.248.161.9,Casper-Russel,Māori
950,Caz,Pelchat,tcucuzzaoh@goo.gl,Agender,50.53.33.182,Treutel-Jerde,Māori
645,Gradeigh,Bodell,fcollington78@xrea.com,Polygender,52.117.149.130,McGlynn Group,Dhivehi
122,Alfonso,Maryman,ppieruccigp@google.com.br,Polygender,190.0.196.147,Wiza and Sons,Malagasy
209,Andros,Burnitt,jtrembleb5@icio.us,Genderqueer,2.59.52.107,Keebler LLC,Tok Pisin
579,Bartie,Quinane,dkhidrjd@wikia.com,Female,221.102.117.150,"Connelly, Rice and Mante",Malay
502,Ewen,McLay,phoffnero7@networksolutions.com,Genderfluid,137.236.163.148,"Champlin, Ward and Gusikowski",French
160,Carey,Parley,rbethunel0@oakley.com,Genderfluid,162.41.74.132,Schoen Inc,Thai
955,Corena,Corston,cnoods2u@reuters.com,Non-binary,154.95.98.6,"Durgan, Murazik and Harris",Haitian Creole
503,Elisa,Bonavia,gsalvagejx@craigslist.org,Male,16.112.216.246,Lynch-Crona,Swahili
549,Farlie,Losbie,rkornalikna@senate.gov,Female,165.218.207.192,Lindgren-Heller,Bengali
247,Richard,Carratt,mmarielac@yahoo.com,Non-binary,144.235.80.192,Jaskolski-Hodkiewicz,Khmer
769,Liuka,Tomasian,helcebq@4shared.com,Bigender,152.86.58.226,Flatley-Padberg,Marathi
370,Benetta,Bowlas,bswaile5z@imageshack.us,Female,0.232.143.49,"Bergstrom, Maggio and Littel",Hebrew
609,Irving,McKendry,bgopsalllf@163.com,Genderfluid,68.34.255.14,Trantow-Lynch,Gujarati
586,Nollie,Aldcorn,dtixierl2@amazon.com,Genderfluid,239.223.20.248,Johnson LLC,Polish
903,Bartie,Broomfield,bsparhammh@xinhuanet.com,Polygender,35.127.85.2,"Leffler, Streich and O'Keefe",Dutch
508,Antonie,Cleworth,dkopjeql@mlb.com,Bigender,114.234.37.251,Bradtke-Mayert,Pashto
23,Artemus,Crutchley,gdoogkt@mtv.com,Bigender,158.168.158.78,Huel-Weber,Portuguese
216,Noby,Maciaszek,qgatrillck@elpais.com,Non-binary,20.46.123.16,Herzog-Keeling,Azeri
1062,Elana,Bulfit,bdesportep7@blogtalkradio.com,Non-binary,143.224.63.59,Blick-Kiehn,Hebrew
904,Talbot,Tregenza,jfairlawaw@bloglovin.com,Agender,139.49.11.88,"Treutel, Wiza and Schulist",Amharic
254,Quentin,Kindley,hmcilmurray4h@illinois.edu,Agender,114.200.83.54,Watsica-Herzog,Mongolian
754,Jodie,Wimbridge,bwincome@mysql.com,Genderqueer,80.76.183.238,"Treutel, Wiza and Schulist",Albanian
589,Gradeigh,Beynon,ygollard1y@marketwatch.com,Genderfluid,55.36.189.45,Skiles Group,Catalan
340,Minnnie,Di Carlo,fcamings52@fastcompany.com,Female,6.84.148.126,"Lockman, O'Hara and Corkery",Zulu
393,Bud,Shorbrook,ariderhk@51.la,Genderqueer,90.67.108.26,"Braun, Gerlach and Lindgren",Bislama
229,Brade,Grocutt,rlomblg@mapquest.com,Female,98.132.86.235,"Johnson, Keeling and Botsford",Nepali
517,Bastien,Paul,omccalisteree@google.cn,Polygender,254.229.183.136,Connelly and Sons,Chinese
588,Dorthea,Dundridge,mrealci@stanford.edu,Bigender,211.174.216.170,Lebsack LLC,Spanish
931,Orlan,Wimsett,gmoscropa6@cornell.edu,Female,90.74.194.88,Klein Group,Malayalam
188,Addy,Duiged,dmacadie12@linkedin.com,Non-binary,146.238.216.141,Stamm LLC,Tetum
486,Bernard,Roubottom,lfashionri@narod.ru,Genderfluid,84.52.255.154,Koss-Torphy,Lithuanian
751,Balduin,Houndson,cashbeye5@furl.net,Polygender,23.129.190.76,Schultz and Sons,Afrikaans
615,Glori,Ausher,hhoundsonm3@google.nl,Polygender,14.232.38.243,Rice-Lockman,Hebrew
820,Bernete,Peasgood,tshorbrook7k@uol.com.br,Male,14.153.238.25,"Crooks, Rau and Mertz",Icelandic
1078,Reinold,Dorsett,ghadrilliu@cpanel.net,Female,190.0.196.147,"Dach, MacGyver and Schaden",Polish
678,Druci,Bell,ppieruccigp@google.com.br,Bigender,98.132.86.235,Kilback Inc,Hindi
621,Ursuline,Bentz,dmanis36@sbwire.com,Male,31.155.207.212,Dach Inc,Latvian
737,Hercules,Limbourne,elocalmj@nifty.com,Agender,254.229.183.136,Klein LLC,Macedonian
750,Finlay,Edmondson,etolmank3@cnn.com,Polygender,23.171.88.228,Abernathy-Luettgen,German
425,Dex,Semon,msirrell6a@disqus.com,Female,84.96.234.174,"Lind, Konopelski and Braun",Romanian
668,Welsh,O'Fallon,jdefaudd@springer.com,Genderqueer,158.168.158.78,"Connelly, Bosco and Barrows",Chinese
955,Shanda,Cartman,fdenekampft@sitemeter.com,Genderfluid,7.3.156.223,"Bradtke, Bartell and Schoen",Korean
241,Hart,Tailour,zpoltune8@adobe.com,Polygender,171.152.28.97,Bartoletti-Kemmer,Latvian
264,Corissa,Landy,mmoreton48@hubpages.com,Agender,235.64.132.194,"Hodkiewicz, Marvin and Fritsch",Montenegrin
586,Dawn,Semon,rcaheyp0@gravatar.com,Female,93.196.190.155,"Beatty, Goyette and Aufderhar",Latvian
642,Halsy,Rubury,qgatrillck@elpais.com,Polygender,222.171.201.28,Okuneva Inc,Estonian
1155,Emelen,Retallack,khovelrh@webmd.com,Bigender,210.157.23.228,Okuneva Inc,Hungarian
-17,Jazmin,Parman,gadnethx@jugem.jp,Genderfluid,56.38.20.139,"Cartwright, O'Reilly and Leffler",Afrikaans
426,Luke,Lutwyche,jdefaudd@springer.com,Female,67.117.213.127,Ryan-Reichel,Tajik
551,Mellicent,Horsley,odanielscw@unblog.fr,Polygender,116.126.123.162,"Huel, Weissnat and Harber",Estonian
417,Gilli,Carnachen,acalbertb@webeden.co.uk,Polygender,16.150.231.210,"Dibbert, Turcotte and Stehr",Guaraní
493,Base,Cleworth,mminichi2f@microsoft.com,Bigender,190.44.154.52,Balistreri-Beahan,Portuguese
347,Chandal,Bohan,icrakehq@163.com,Genderqueer,39.39.180.254,Raynor and Sons,Korean
492,Quentin,Wolters,tcucuzzaoh@goo.gl,Agender,250.122.138.63,"Wiegand, Bradtke and Pfeffer",Bengali
320,Henryetta,McDyer,acastelijn6q@g.co,Agender,230.93.59.122,"Sipes, Stehr and Hoeger",Czech
319,Marcus,Tomkies,gvise5v@bbb.org,Genderqueer,219.6.244.53,"Von, Doyle and Effertz",Dzongkha
775,Alisander,Elmer,jrideku@usda.gov,Genderfluid,18.247.25.114,Satterfield-Wisoky,Danish
816,Amandy,Hailey,nellick5j@gravatar.com,Female,142.207.166.59,Berge-Morissette,Kurdish
842,Lucias,Sirrell,jreysonnq@harvard.edu,Agender,75.236.40.193,Lakin-Ritchie,Lao
468,Tricia,Duffit,canscombeoz@redcross.org,Agender,191.133.86.207,"Labadie, Nienow and Cormier",Khmer
177,Nerissa,Somner,agenningsks@mit.edu,Female,118.217.36.229,Schultz-Price,Latvian
365,Warren,Lambert,ethawpd@sina.com.cn,Genderqueer,6.221.142.243,Paucek-Stark,Marathi
382,Lowe,Aylward,lbirdsallm2@wp.com,Non-binary,171.80.52.173,Collins LLC,Somali
920,Ashton,Wingham,gleckycx@who.int,Genderfluid,243.104.156.134,Runolfsson Group,Filipino
40,Law,Jira,gmachoste3b@china.com.cn,Non-binary,91.255.87.107,Friesen Inc,Armenian
742,Farleigh,Defau,mkinghorneme@ezinearticles.com,Genderfluid,30.40.106.164,"Mitchell, Kiehn and Schulist",Swahili
782,Peterus,McCurtin,vgoganki@independent.co.uk,Genderfluid,178.236.186.111,Hamill Group,Catalan
309,Fergus,Gadsdon,ddorkenjg@chron.com,Genderfluid,104.126.242.185,"Lebsack, Harris and Wisozk",Danish
1001,Padgett,Gennings,jben68@themeforest.net,Female,188.165.227.105,Gerlach-Mann,Azeri
180,Job,Dennidge,fpetrie3y@yellowbook.com,Polygender,76.29.83.240,Stamm LLC,Northern Sotho
40,Jerrilee,Richley,esaylesjv@geocities.jp,Female,135.81.29.172,"Wuckert, Beahan and Bode",Tok Pisin
496,Salaidh,Tosh,ldunkertongr@who.int,Genderfluid,34.94.181.102,"Schulist, Botsford and Beer",Belarusian
1094,Celisse,Daniels,jriggska@google.co.jp,Non-binary,236.199.252.220,"Carroll, Mertz and Marvin",Tswana
787,Farlie,Chadburn,nduxfield2t@dot.gov,Genderqueer,92.33.190.166,"Borer, Dooley and Feest",Ndebele
264,Fairlie,Canizares,gcantoe1@ask.com,Bigender,14.11.198.12,Hamill LLC,Papiamento
518,Farleigh,La Torre,phoffnero7@networksolutions.com,Male,102.229.229.165,Crooks Group,Swahili
438,Tobey,Schermick,ddeargh@washingtonpost.com,Genderqueer,101.251.98.227,O'Hara Inc,Kyrgyz
440,Edvard,Kybird,acastelijn6q@g.co,Genderfluid,9.191.235.231,Littel Inc,Swedish
365,Toby,Elce,hfawssett2b@chron.com,Agender,22.115.185.22,"Cole, Jaskolski and Hauck",Lao
303,Minnnie,Ricciardelli,prowellkf@hud.gov,Genderqueer,181.243.158.111,"Botsford, Stiedemann and Ernser",Indonesian
992,Gwenore,Kyte,tvalentinuzzi6p@sciencedirect.com,Polygender,153.190.247.179,Lebsack Group,Italian
802,Broddy,Terbeek,cgethyn10@vkontakte.ru,Female,207.41.246.222,McKenzie-Koch,Moldovan
787,Augustina,Matejovsky,estairmondh4@dell.com,Polygender,44.82.229.177,Hirthe Group,Swahili
642,Angy,O'Loughlin,bpringlehc@gizmodo.com,Female,9.206.1.7,Beatty-Wyman,Ndebele
318,Norbie,MacFadyen,rgeorgesh5@reddit.com,Female,76.29.83.240,Senger-Schowalter,Amharic
878,Felicia,Starcks,groneyfi@devhub.com,Male,192.109.27.177,Graham LLC,Czech
366,Ginny,Stubbes,nbelderfield73@nytimes.com,Genderfluid,68.34.255.14,"Feil, Leannon and Bergstrom",Norwegian
3,Perl,Strover,pkitchingham35@wordpress.com,Bigender,54.54.193.151,Schuster Group,Kashmiri
187,Terri,Ivery,tmathelin4@buzzfeed.com,Agender,150.202.11.178,Satterfield-Wisozk,Hiri Motu
493,Yuma,MacLaughlin,mmeegange@ucla.edu,Bigender,170.223.76.10,Mueller-Koss,Danish
580,Julissa,Surcombe,asmogur9u@cdbaby.com,Polygender,255.154.54.60,Halvorson-Bruen,Kazakh
-51,Annelise,Degenhardt,hbaumler4a@senate.gov,Genderqueer,184.141.203.226,"Lind, Konopelski and Braun",Burmese
-92,Terencio,Shelsher,icrakehq@163.com,Polygender,42.4.8.202,"Ondricka, Mante and Ritchie",Hindi
733,Court,Kamien,dcropa8@mysql.com,Genderqueer,39.39.180.254,Beer-Kilback,Burmese
877,Konstantin,Lambert,jstedallmy@gmpg.org,Non-binary,200.78.97.129,D'Amore-Wisozk,Romanian
323,Angeli,Sauter,kbrugmanpn@mapquest.com,Bigender,212.55.30.231,Mraz and Sons,Korean
829,Jana,Kyte,hmellenby1t@nymag.com,Female,77.163.138.40,Marvin-Barrows,Northern Sotho
793,Haily,Tibols,lhatreyoa@twitter.com,Non-binary,105.153.197.198,Schuppe-Sporer,Gagauz
506,Hermia,Worham,kpabel1@twitter.com,Female,187.241.36.117,"Ankunding, Rempel and Casper",Belarusian
289,Gloria,Glenn,aghelardiqp@bigcartel.com,Bigender,154.168.210.99,Johns and Sons,Lithuanian
417,Claudius,Mowlam,dtixierl2@amazon.com,Female,72.194.239.146,Gutmann LLC,Maltese
408,Lorianna,Fluin,tfluin2r@cpanel.net,Female,89.142.225.121,Carroll-Kuvalis,Hindi
647,Mile,Georges,malfqb@nymag.com,Genderfluid,118.84.109.163,Maggio LLC,Swahili
119,Quinlan,Burchill,rstedellld@cmu.edu,Genderfluid,91.255.87.107,McGlynn Inc,Guaraní
383,Norris,Korba,bstuffinsq5@admin.ch,Genderfluid,89.22.22.219,Herzog-Keeling,Tsonga
844,Honor,Wolford,bcostar60@friendfeed.com,Non-binary,42.182.214.101,"Leffler, Streich and O'Keefe",Filipino
386,Brade,Vise,lpuckringqg@fc2.com,Male,7.88.80.103,Okuneva and Sons,Quechua
377,Sherwin,Hintze,jberryannmm@narod.ru,Female,236.37.118.187,"Trantow, Stamm and Frami",Catalan
825,Maegan,Gatrill,mbrinsoneg@marriott.com,Female,166.108.147.220,Cummings Inc,Swati
962,Gabbi,Dorsett,bstuffinsq5@admin.ch,Polygender,37.152.71.43,Abshire and Sons,Czech
711,Kleon,Dibbin,knickolls3c@github.com,Male,144.97.128.243,Kutch Inc,Hiri Motu
654,Leola,Gwinnett,mcrutchleypj@amazon.de,Male,11.222.247.125,Barrows Inc,Afrikaans
860,Druci,Tyrrell,rstedellld@cmu.edu,Male,67.126.151.23,Metz-King,Burmese
276,Natty,Vise,bmckeurtoncf@canalblog.com,Female,148.149.229.164,"Abshire, McKenzie and Purdy",Czech
679,Jenda,Stedell,mtitt5i@moonfruit.com,Male,36.119.76.168,Ritchie LLC,Guaraní
174,Knox,Kyte,mtingly65@google.nl,Non-binary,124.199.229.244,"Botsford, Stiedemann and Ernser",Gujarati
603,Job,Heinl,npeasgood9m@freewebs.com,Female,118.217.185.192,Runolfsson Group,Malay
844,Diandra,Buckberry,nnicholasa7@prlog.org,Genderqueer,53.1.42.154,Hettinger Group,Estonian
527,Gram,MacTerrelly,eibelllr@wikipedia.org,Non-binary,138.179.166.153,Stehr LLC,Lao
515,Patric,Tuison,gdibbertjk@xinhuanet.com,Genderfluid,113.109.91.108,Hessel LLC,Tswana
290,Terri,Mincini,klincke2@acquirethisname.com,Female,240.183.56.163,Altenwerth-Bruen,Chinese
265,Sampson,Kopje,fcotheych@spotify.com,Agender,214.4.37.195,Prohaska Group,Bengali
175,Leanor,Dennidge,bstuffinsq5@admin.ch,Female,179.47.145.46,Terry-Trantow,Filipino
121,Lambert,Litster,spetzoldf5@huffingtonpost.com,Polygender,181.9.213.120,"Bogan, Weimann and Murphy",New Zealand Sign Language
998,Thebault,Ruegg,dfeirn8q@bloglovin.com,Agender,234.89.47.100,"O'Hara, Erdman and Kemmer",Macedonian
637,Carolina,Lamden,nnicholasa7@prlog.org,Bigender,100.13.190.138,Medhurst-Bradtke,Bengali
808,Chariot,Berard,mbarefordon@hud.gov,Female,85.109.185.31,Kovacek-Halvorson,Kashmiri
47,Corene,Mainland,nrutt3n@youku.com,Polygender,250.72.100.140,"McGlynn, Rogahn and Emard",Tsonga
196,Mollie,Cantos,bgreig1n@unicef.org,Male,245.117.205.55,Schultz and Sons,Bislama
451,Sybil,Bruggen,remor6s@stanford.edu,Genderqueer,49.126.117.200,Jacobi Group,Luxembourgish
210,Tami,Ruske,vcurzonlb@vkontakte.ru,Bigender,149.176.220.201,Bogisich-Cole,Portuguese
743,Essie,Langhorn,sgrestye3i@mapquest.com,Male,78.125.112.103,"Schamberger, Dickens and Daniel",Oriya
330,Caresa,McKeurton,pjedrzejewsky51@springer.com,Female,2.168.166.12,"Sawayn, Brekke and Miller",Kurdish
634,Skipp,Szymon,glutwychegw@huffingtonpost.com,Male,19.92.122.101,Wisoky LLC,Burmese
955,Sidonnie,Whybrow,eminty7g@uiuc.edu,Agender,47.102.179.44,"Doyle, Cassin and Reichert",Croatian
1096,Jinny,Strasse,lkuberard@indiegogo.com,Female,36.189.235.250,"Fisher, Kemmer and Jones",Irish Gaelic
1165,Jamey,Ismay,mhammermanoq@sakura.ne.jp,Genderfluid,27.55.205.106,"Herzog, Will and Windler",Kashmiri
660,Delaney,Gahan,achuneycy@tiny.cc,Non-binary,198.157.87.114,"Kovacek, Stanton and Roberts",Māori
987,Hal,Haylands,rduffitau@squarespace.com,Bigender,130.237.75.136,"Roob, Frami and Skiles",Dzongkha
373,Malvin,Souttar,mkeaveneyn1@slashdot.org,Female,23.171.88.228,"Breitenberg, Nolan and Kuhic",Greek
896,Vick,Boltwood,spetzoldf5@huffingtonpost.com,Agender,209.243.38.104,Frami-Murazik,Icelandic
228,Abey,Thams,rboudany@netlog.com,Male,113.100.24.49,"Lesch, Romaguera and Towne",Spanish
849,Wylie,Linck,mduckworthk2@unesco.org,Agender,246.165.155.144,Harvey Inc,West Frisian
688,Broddy,McCurtin,bcardelloam@pcworld.com,Male,68.13.123.186,"Kozey, Conn and Tremblay",Tswana
746,Emylee,Bertie,gmaliphantcs@youtu.be,Non-binary,57.206.141.145,"Mante, Huel and Brown",Kannada
434,Oriana,Burchill,zbeautyman1s@stumbleupon.com,Bigender,198.147.209.186,Bartell-Medhurst,Bislama
386,Myca,Pawling,wmceachernm9@sfgate.com,Genderqueer,65.81.128.213,"Brekke, Langworth and Barrows",Albanian
969,Nicoline,Le Sieur,mcorkettpm@hubpages.com,Genderfluid,139.16.23.98,"Simonis, Will and Jerde",Northern Sotho
129,Claudius,Glandfield,pamsden8u@nymag.com,Bigender,250.90.235.95,"Nader, Waelchi and Johns",Finnish
343,Kingston,Pietesch,cnoyceog@newyorker.com,Female,41.227.149.139,"Fahey, Little and Altenwerth",Malay
926,Town,Eakle,obrattell4i@livejournal.com,Genderfluid,138.179.166.153,Frami LLC,Korean
402,Salaidh,Ferronier,kkylesm4@flavors.me,Bigender,27.42.163.69,"Nienow, Vandervort and Gorczany",Northern Sotho
123,Ketti,Anelay,imourbeyca@printfriendly.com,Agender,118.139.80.186,"Johnston, Pouros and Weissnat",Armenian
656,Randell,Dingsdale,kvanhalenmx@bluehost.com,Non-binary,113.109.91.108,"Kemmer, Osinski and Skiles",Kazakh
1025,Veronique,Forkan,pkivellee3@furl.net,Male,14.135.146.60,"Schamberger, Kreiger and Legros",Zulu
849,Bonni,Dibbin,eskimf1@liveinternet.ru,Non-binary,35.189.81.142,Hamill Group,West Frisian
555,Garvy,Levison,afibbensgs@ycombinator.com,Male,203.24.28.67,"White, Wintheiser and Hackett",Tajik
353,Brandtr,Nicholas,chawseav@privacy.gov.au,Male,237.112.106.141,"Pouros, Sipes and Lindgren",Kannada
345,Lurline,Ludron,lshieldsa@moonfruit.com,Non-binary,239.135.105.122,"Johnson, Keeling and Botsford",Aymara
976,Ninon,Boltwood,hpallaskeal@nifty.com,Female,70.67.104.187,"Leffler, Koepp and Senger",Kashmiri
287,Pepe,Hearthfield,spetzoldf5@huffingtonpost.com,Polygender,78.124.31.98,"Reinger, Conn and Cole",Korean
536,Marge,Hylands,ksolleycz@salon.com,Bigender,113.100.24.49,"Smith, Schumm and Doyle",Fijian
866,Harlene,Scutter,kcarnachenpu@yellowpages.com,Bigender,110.31.77.66,Altenwerth-Bruen,Lithuanian
452,Devon,Souttar,tsiflet79@altervista.org,Genderqueer,158.168.158.78,"Cremin, Bins and Connelly",Lao
97,Salaidh,Fisbey,koatley14@multiply.com,Genderfluid,180.241.35.251,"Rosenbaum, Oberbrunner and Feeney",New Zealand Sign Language
784,Evangeline,Lydon,amaidenhj@123-reg.co.uk,Genderfluid,55.36.189.45,"Osinski, Pfeffer and Rutherford",Zulu
1101,Kennett,Kybird,mwhittock1i@mac.com,Genderqueer,88.31.68.174,"Baumbach, Prohaska and Lueilwitz",Telugu
605,Putnem,Cothey,ntitedg@simplemachines.org,Female,194.36.106.217,Windler-Mueller,Montenegrin
84,Rafaellle,Skivington,dfarlandbx@tinyurl.com,Agender,181.9.213.120,Trantow-Volkman,Czech
264,Pooh,Cavendish,ostockhillap@shareasale.com,Polygender,57.73.231.123,"Moore, Wilderman and Towne",Ndebele
637,Jecho,Cockhill,csasserj4@vkontakte.ru,Non-binary,57.185.251.130,O'Hara Inc,Portuguese
458,Ashton,Gilgryst,onettleso9@google.cn,Female,181.173.106.37,"Kovacek, Oberbrunner and Kuphal",Dhivehi
329,Darb,Matiebe,dmooringqe@i2i.jp,Polygender,223.204.6.23,"Dooley, Weimann and Lebsack",Fijian
535,Lynne,Petrosian,egauntere4@twitter.com,Genderfluid,165.163.197.122,Kuphal Group,Kannada
346,Caty,Thomsen,rvatero0@w3.org,Female,14.153.238.25,Kemmer and Sons,Spanish
885,Midge,Bogie,abrotherwood9h@ihg.com,Bigender,198.216.225.4,"Marquardt, Corkery and Ebert",Spanish
323,Kimberly,Warmington,otomasianls@furl.net,Bigender,94.43.127.147,"Padberg, Mills and Goldner",Bislama
299,Veronique,Kepling,sfell53@so-net.ne.jp,Female,153.0.106.255,"Hilll, Frami and Lowe",Tok Pisin
456,Zacherie,Ciobutaro,keskrigggf@fastcompany.com,Agender,1.166.18.190,"Champlin, Ward and Gusikowski",Amharic
1029,Marv,Collin,mbarefordon@hud.gov,Genderqueer,185.145.54.95,Heaney and Sons,Malayalam
2,Terrence,Eisenberg,vhylandsc6@irs.gov,Male,55.168.148.124,"Pagac, Block and Hills",Hungarian
862,Rachael,Beale,fluetkemeyers8b@hp.com,Female,175.75.140.52,"Simonis, Abshire and Baumbach",Tajik
599,Josiah,Arguile,lhalliwellie@cyberchimps.com,Polygender,121.76.143.205,Conroy-Aufderhar,Croatian
1007,Arne,Hallowell,dfiddeman4m@marketwatch.com,Polygender,160.127.153.126,Schimmel-D'Amore,Tamil
544,Shea,Gemnett,tridpathif@purevolume.com,Agender,89.15.170.120,Lindgren-Heller,Kazakh
412,Tremain,Kindley,ddorkenjg@chron.com,Polygender,54.157.79.108,Watsica-Herzog,Albanian
771,Mada,De Atta,remor6s@stanford.edu,Polygender,74.91.99.35,Gutmann-Reinger,Maltese
484,Janey,Girke,nhuthartol@hud.gov,Genderqueer,95.179.61.252,Hoppe-Kshlerin,Arabic
262,Noby,Mainland,sstubbes2a@cornell.edu,Non-binary,115.135.200.245,O'Reilly and Sons,Filipino
212,Ludvig,Hadrill,kminnocklx@symantec.com,Polygender,207.194.117.54,Schultz-Stracke,Azeri
344,Ewell,Amsden,ibroadey5u@yellowbook.com,Genderqueer,103.38.156.123,Armstrong-Heller,Somali
449,Travis,Hammerman,neisenbergg7@slate.com,Bigender,58.71.162.226,"Herzog, Will and Windler",Lao
459,Udell,Fashion,asawreykk@google.de,Bigender,163.183.205.130,Balistreri-Beahan,Sotho
410,Homer,Carnachen,canscombeoz@redcross.org,Female,14.232.38.243,Feest and Sons,Moldovan
854,Leda,Krzysztof,lbaccasky@yellowbook.com,Genderqueer,121.76.143.205,Swift-Bergnaum,Catalan
304,Aldon,Figura,hmcilmurray4h@illinois.edu,Female,205.253.250.120,O'Kon and Sons,Amharic
801,Lita,Overall,esperringiv@si.edu,Female,98.146.241.36,Graham LLC,Filipino
706,Keriann,Manwell,mfulger2q@cnn.com,Genderfluid,138.179.166.153,Cartwright Group,Khmer
973,Beale,Bugge,dfeirn8q@bloglovin.com,Bigender,255.23.136.90,Cormier LLC,Bislama
656,Rosabel,Fleay,sbillyardr0@ucla.edu,Polygender,116.90.12.186,Metz Group,Marathi
386,Aime,Dorsett,staffeet@miibeian.gov.cn,Polygender,217.199.45.228,Beer-Kilback,Italian
308,Maura,Tosh,cbaberhm@nba.com,Female,236.10.137.225,Hudson-Grant,German
356,Pier,De Atta,lcastiglioneeb@skype.com,Non-binary,112.249.155.107,Collins LLC,Estonian
676,Ivar,Guido,dkynvinlk@ow.ly,Male,186.160.93.112,Wyman-Kuphal,Macedonian
149,Brandice,Haseley,hdooler4z@apache.org,Non-binary,6.168.153.227,"Ondricka, Schinner and Schaefer",Estonian
545,Gwennie,Chinge,bjouandetj5@chronoengine.com,Agender,139.16.23.98,McKenzie-Koch,Chinese
291,Cal,Chape,mfisbey21@smh.com.au,Male,200.197.238.24,"Moore, Oberbrunner and Hackett",Icelandic
519,Doroteya,Gollard,lcowernbl@nationalgeographic.com,Genderfluid,74.24.14.34,Wyman-Kuphal,Lithuanian
133,Finlay,Matasov,vwhaiteshy@go.com,Male,20.78.243.124,Brekke and Sons,Persian
658,Jerrilee,Starcks,ccutten9i@xinhuanet.com,Agender,103.38.156.123,Kilback-Kunze,Malagasy
408,Noreen,Elliker,rgeorgesh5@reddit.com,Bigender,252.172.4.193,"Jacobs, Oberbrunner and Schiller",Tok Pisin
487,Corena,Croan,lskeldingeo@mashable.com,Female,108.0.134.161,Schmeler Group,Guaraní
993,Lilith,Pooley,gleckycx@who.int,Female,175.243.143.54,Kiehn-Erdman,Georgian
722,Cornie,McIlmurray,jlauxl9@zimbio.com,Genderqueer,94.222.135.147,"Huel, Weissnat and Harber",Hiri Motu
931,Bernete,Simoens,wmacfadyen8t@geocities.jp,Polygender,160.192.229.2,Kirlin-Murazik,Azeri
787,Fidel,Mart,sdanilchenkokn@tinyurl.com,Non-binary,41.159.251.112,Grant and Sons,Armenian
547,Ashla,Rump,rgeorgesh5@reddit.com,Male,64.52.211.132,Satterfield-Wisoky,Luxembourgish
846,Marris,Mahoney,gpaul4r@google.fr,Genderfluid,112.112.227.124,"Schroeder, Kerluke and Bartoletti",Guaraní
151,Kenny,Bazoge,gdegenhardtpl@pinterest.com,Genderqueer,48.58.131.49,Yost-Schmidt,Fijian
28,Rebecca,Peasgood,lbentzfx@nyu.edu,Bigender,64.52.211.132,"Hickle, Cormier and Franecki",Italian
761,Glori,Rachuig,afolliott71@amazon.co.jp,Female,215.179.10.137,Heller-Hermiston,Bislama
955,Rudolf,Rubury,rswinebp@taobao.com,Non-binary,55.207.51.193,Ryan-Reichel,Pashto
581,Elana,Tingly,gstorrierkw@dyndns.org,Agender,89.157.59.174,Glover LLC,Pashto
943,Kerry,Duffit,gpatrisksonbw@cnbc.com,Male,91.149.63.0,Simonis-Daugherty,Malay
393,Garvy,Phillip,gadnethx@jugem.jp,Bigender,206.189.215.192,"Nader, Waelchi and Johns",Tamil
568,Blane,Lumly,kprewer7i@ning.com,Bigender,210.203.77.100,Olson-Hudson,Romanian
589,Caresa,Gennings,nbelderfield73@nytimes.com,Agender,211.87.211.72,"Bartoletti, Crona and Mueller",Croatian
122,Linea,Millam,tpigramhs@nationalgeographic.com,Genderqueer,50.212.91.3,Crist LLC,Oriya
46,Fidel,Lefley,lbanasevichev@usa.gov,Polygender,222.171.201.28,Raynor-Connelly,Oriya
328,Micah,Berard,acastelijn6q@g.co,Agender,171.80.52.173,Metz Group,Greek
786,Nolan,Angus,kprewer7i@ning.com,Genderfluid,252.26.152.22,"Fadel, Anderson and Parisian",Aymara
830,August,Beale,wpoznanskig6@storify.com,Male,154.168.210.99,Bayer LLC,Oriya
293,Ignazio,Atwood,htownsley98@ning.com,Male,88.197.61.34,Volkman and Sons,Nepali
405,Tami,Litster,ientreisoc@issuu.com,Genderqueer,227.115.87.91,Hayes Group,Lithuanian
1048,Fidelio,Tye,wchumleyk1@toplist.cz,Non-binary,229.145.72.145,"Mertz, Reichel and Davis",Burmese
741,Jenni,Cuthbert,nduxfield2t@dot.gov,Male,244.150.239.8,"Hessel, Paucek and Brekke",Quechua
849,Yettie,Tranter,bpickersail8c@harvard.edu,Polygender,124.199.229.244,"Borer, Hilpert and Hilpert",Afrikaans
192,Cal,Griss,nthorbyj6@github.io,Genderqueer,250.122.138.63,"Jacobs, Oberbrunner and Schiller",Czech
570,Rutledge,Humberston,csasserj4@vkontakte.ru,Bigender,205.238.10.214,Dooley-Turner,Dzongkha
831,Janelle,Entreis,tbarrspi@bing.com,Agender,0.55.35.116,Fritsch and Sons,Korean
1010,Diandra,Dalmon,rormond6x@senate.gov,Male,0.55.35.116,Block-Hermann,Macedonian
370,Benetta,Halliwell,lpuckringqg@fc2.com,Genderqueer,67.170.36.204,"Rempel, Ullrich and Wuckert",Macedonian
-75,Nilson,Starr,csasserj4@vkontakte.ru,Non-binary,252.169.173.185,"Schmeler, Hoeger and Fay",Assamese
57,Tudor,Lyst,sdummerom@ustream.tv,Genderfluid,225.150.90.183,Gulgowski LLC,Haitian Creole
832,Pammi,Arnaldo,ssabaterfk@dagondesign.com,Genderqueer,175.113.138.64,Ernser-Sipes,Georgian
931,Base,Blunderfield,ksolleycz@salon.com,Female,170.229.88.82,"Cremin, Bins and Connelly",Hungarian
520,Carmita,Ashbridge,ppeaseefr@vimeo.com,Non-binary,103.17.90.127,Nicolas and Sons,Thai
62,Chery,Moscrop,vchorleyid@themeforest.net,Agender,90.74.194.88,Schroeder LLC,Norwegian
396,Veronique,Ortzen,cgocher41@hud.gov,Non-binary,77.21.138.183,"Koepp, Mann and Glover",Fijian
357,Audie,Dufaur,eaitkenjz@blinklist.com,Genderfluid,255.65.27.122,Bradtke-Mayert,Tsonga
974,Eugenie,Crowest,dkopjeql@mlb.com,Bigender,252.172.4.193,"Crooks, Feest and Rosenbaum",Swahili
443,Cyrille,Kornalik,fsabatermu@ftc.gov,Polygender,90.68.52.103,"Nader, Waelchi and Johns",Aymara
615,Nahum,Fleay,nlewteyqs@nba.com,Polygender,25.153.49.55,Hyatt-Trantow,Sotho
525,Jenilee,Cod,kblenkinshipt@a8.net,Female,90.186.244.19,Frami Inc,Māori
183,Gherardo,Drewry,kdurno6z@columbia.edu,Genderqueer,67.215.101.235,Satterfield-Wisoky,Tamil
744,Brien,Kimmons,abrightiedt@cam.ac.uk,Male,9.128.73.102,Conroy-Aufderhar,Hindi
151,Alexis,Huelin,imourbeyca@printfriendly.com,Bigender,140.132.16.17,"Flatley, Koss and Yundt",Dari
846,Gabbie,Bruggen,cfranchionilq@indiatimes.com,Agender,37.152.71.43,McKenzie-Koch,Persian
618,Karoly,Meckiff,gdundridgepv@naver.com,Male,189.5.183.126,Abshire Group,Malayalam
684,Valeria,Andover,jlatore5@posterous.com,Polygender,140.38.111.1,"Hammes, Friesen and Mills",New Zealand Sign Language
908,Berk,Chape,bstopfordfo@cocolog-nifty.com,Genderfluid,89.157.59.174,D'Amore-Steuber,Italian
671,Giuseppe,Latore,pruskelp@blogger.com,Genderfluid,81.225.196.134,Gulgowski LLC,Tswana
971,Erhart,Manis,datwood1x@nymag.com,Genderfluid,182.150.44.207,Terry Group,Zulu
410,Hanna,Dennidge,ifrankes2j@economist.com,Genderqueer,46.34.187.176,Tillman-Hilpert,Persian
343,Cathyleen,Ruddock,mskivingtondp@surveymonkey.com,Agender,108.204.140.130,"Fahey, Little and Altenwerth",Catalan
579,Benetta,Simoneau,sdummerom@ustream.tv,Genderqueer,72.127.140.105,"Hermann, Gerhold and Greenfelder",English
366,Melody,Linger,fbertiek7@newsvine.com,Bigender,58.129.244.149,Frami-Murazik,Croatian
425,Johannes,Krink,bsparhammh@xinhuanet.com,Genderqueer,187.68.94.34,Lind Inc,Spanish
949,Garwood,Simoens,jkeemerah@nih.gov,Female,206.164.14.103,Heathcote-Walter,Finnish
838,Darbee,Patriskson,amallabyod@biglobe.ne.jp,Non-binary,1.166.18.190,"Johnson, Keeling and Botsford",Armenian
707,Nathanial,Pere,bhearthfieldgq@reference.com,Female,15.251.100.76,Mertz-Schoen,Czech
252,Mose,Capin,wbodell3h@hibu.com,Female,105.185.193.134,"Yundt, Hettinger and Daugherty",Korean
-58,Leola,Terbeek,cphilippartrr@auda.org.au,Genderqueer,135.252.51.63,Parisian and Sons,Chinese
577,Kacey,Neighbour,ccresarej@domainmarket.com,Bigender,226.30.69.4,"Beatty, Goyette and Aufderhar",Polish
1101,Schuyler,Gadman,mtitt5i@moonfruit.com,Non-binary,162.57.2.99,"Gislason, Wolf and Kessler",Pashto
729,Gabriel,Kamien,melmergk@godaddy.com,Male,89.79.157.151,"Leffler, Koepp and Senger",Quechua
539,Yorgo,Kyme,ftointon8o@webnode.com,Female,149.176.220.201,Kuhlman-Crist,Hungarian
575,Zacherie,Spirritt,ldunkertongr@who.int,Polygender,103.17.90.127,Hegmann-Kuvalis,Assamese
592,Shelly,Roskelley,rkornalikna@senate.gov,Female,134.217.60.44,"Durgan, Murazik and Harris",Hebrew
672,Nancy,Elmer,rfer8l@drupal.org,Genderqueer,220.230.157.118,Murphy-Hackett,Assamese
607,Chandal,Letty,bcavendishrg@ox.ac.uk,Polygender,143.237.166.94,Von Inc,Kannada
776,Vinnie,Bumpas,jcawtheraybi@intel.com,Non-binary,0.232.143.49,"Kilback, Koss and Lockman",Tok Pisin
681,Tiler,Fisbey,jstedallmy@gmpg.org,Bigender,2.161.32.153,Kerluke-Abshire,Persian
887,Ganny,Le Blanc,sallgoode0@kickstarter.com,Non-binary,62.47.1.89,Hilpert Group,West Frisian
433,Ursuline,Ashbridge,lhaycroftq3@house.gov,Polygender,250.72.100.140,Grimes Group,Italian
514,Wileen,Real,jlauxl9@zimbio.com,Bigender,235.15.27.0,"Breitenberg, Greenholt and Simonis",French
688,Zarla,Liversage,rmorleybc@ustream.tv,Polygender,219.192.94.72,Klocko Group,Korean
768,Mikey,Pancost,ndredge9n@gnu.org,Genderfluid,206.189.215.192,"Mante, Konopelski and Heathcote",Kyrgyz
903,Yorgo,Jouandet,dcreank6@naver.com,Genderqueer,103.38.156.123,Lind-Towne,Belarusian
175,Forrester,Tuison,bswaile5z@imageshack.us,Bigender,246.254.8.80,Gottlieb-Quitzon,Bislama
9,Sax,Dorsett,bwarmingtonbg@mapy.cz,Agender,77.163.138.40,Armstrong-Schiller,Luxembourgish
241,Onida,Overall,fwilcotr4@163.com,Genderfluid,122.25.54.82,"Bechtelar, Fay and Reinger",Burmese
373,Morganne,Filinkov,icoancr@ucsd.edu,Genderqueer,101.131.232.159,Heidenreich-Hyatt,Swedish
587,Adler,Craythorn,bpickersail8c@harvard.edu,Genderfluid,184.141.203.226,"Towne, Graham and Leffler",Dhivehi
973,Dimitri,Sparham,cmccarron1u@pagesperso-orange.fr,Female,243.13.249.121,Koch and Sons,Armenian
565,Minor,Gibbens,dhissetteu@youtube.com,Genderfluid,105.185.193.134,"Cremin, Morissette and Ebert",Marathi
849,Tyler,Ruske,tsnawdon1m@webs.com,Polygender,80.136.86.13,"Borer, Dooley and Feest",Indonesian
74,Joann,Rutt,callanhi@themeforest.net,Genderfluid,211.87.211.72,"Von, Johnson and Nicolas",New Zealand Sign Language
593,Richard,Harler,tcouragelv@rediff.com,Genderfluid,173.224.150.176,"Padberg, Jenkins and Jenkins",Gagauz
158,Norene,Stuffins,alinger61@wp.com,Bigender,89.79.157.151,Konopelski LLC,Armenian
1055,Quentin,Duffy,ldalmon5e@ycombinator.com,Genderqueer,51.122.139.214,Satterfield and Sons,Thai
519,Lurline,Clapham,ldunkertongr@who.int,Genderfluid,215.20.89.4,Okuneva Inc,Hebrew
606,Chariot,Eakle,dstoffel70@github.io,Genderqueer,68.34.255.14,"Bartoletti, Nienow and Kovacek",Luxembourgish
480,Webster,Enright,lvoelkerqa@cyberchimps.com,Non-binary,241.169.131.110,Baumbach and Sons,Hungarian
570,Lilith,Hews,cadanet34@privacy.gov.au,Polygender,149.5.209.78,Treutel-Jerde,Sotho
826,Chariot,Bulfit,mmcveem8@google.ca,Male,211.60.81.69,Schulist Group,Armenian
727,Eunice,Guidetti,pcraftsao@skype.com,Genderqueer,205.78.98.134,Price-Connelly,Korean
625,Arne,Aldhous,jvenour6b@ycombinator.com,Non-binary,186.175.115.78,Ankunding-Wolff,Croatian
352,Enid,Hallowell,cguidettill@csmonitor.com,Female,9.128.73.102,Christiansen-Pacocha,Telugu
608,Lebbie,Carnachen,dpurdie5x@ebay.co.uk,Bigender,192.52.225.141,"Abshire, McKenzie and Purdy",Quechua
882,Tedie,Mulligan,adufauroe@boston.com,Female,204.182.251.123,"Cruickshank, Bernier and Lindgren",Dutch
261,Caitlin,Mundford,pbelchambers1v@mysql.com,Male,188.65.112.120,McLaughlin-Considine,Burmese
886,Genevieve,Diack,hblouetot@goo.ne.jp,Genderfluid,240.183.56.163,Legros and Sons,Oriya
277,Olimpia,Burgill,mskivingtondp@surveymonkey.com,Polygender,146.18.252.12,Erdman Inc,Kurdish
420,Beck,Horsley,yroubottomig@omniture.com,Female,183.203.192.117,"Borer, Dooley and Feest",Irish Gaelic
250,Walker,Cutten,relcouxr@dell.com,Female,33.206.3.141,"Hermann, Daniel and Smitham",Sotho
1036,Marcus,Wimsett,agenningsks@mit.edu,Female,102.5.215.46,Pacocha-Gutkowski,Bulgarian
523,Marin,Szymon,dkeyndqn@slideshare.net,Bigender,58.120.145.224,"Block, Hickle and Hackett",Latvian
205,Skipp,Filippov,jshelsherkl@utexas.edu,Genderqueer,181.173.106.37,"Franecki, Jacobi and Macejkovic",Fijian
35,Rufe,Kindleside,kbeedellcd@wufoo.com,Polygender,252.242.183.85,Legros-Dicki,Estonian
136,Guillaume,Hatrey,cglennpe@mit.edu,Genderfluid,43.7.193.137,"McGlynn, Rogahn and Emard",Tamil
893,Danna,Snawdon,sbreckenan@jiathis.com,Genderfluid,149.43.23.78,Mayer Group,Malayalam
1014,Rosella,Noyce,lskeldingeo@mashable.com,Non-binary,188.65.252.185,Johns and Sons,Punjabi
-63,Leonora,Duguid,loillerf3@telegraph.co.uk,Female,61.163.123.11,Nader-Kuhic,Tsonga
258,Zacherie,McLay,aszymondk@gnu.org,Genderqueer,27.42.163.69,Kiehn-Erdman,Albanian
554,Norbie,Barnes,estairmondh4@dell.com,Female,189.5.183.126,Boyer-Glover,Kannada
409,Pepe,Breissan,hrolstonekc@pcworld.com,Female,92.255.192.6,Bradtke Inc,Latvian
357,Corly,Rutt,dbowl8@flickr.com,Male,3.193.42.231,"Schuppe, Breitenberg and Ritchie",Kurdish
911,Pavel,Siflet,jellikerfa@yolasite.com,Genderqueer,29.16.75.193,Kunze Inc,Afrikaans
122,Leanor,Ferronier,gheyburndu@google.ca,Polygender,163.117.109.6,Feil-Smith,Albanian
795,Lynea,Lendon,jmumkj@imageshack.us,Bigender,157.178.187.29,"Hermann, Gerhold and Greenfelder",Indonesian
796,Oates,Figgins,lskeldingeo@mashable.com,Genderfluid,206.164.14.103,Metz Inc,Pashto
405,Fairlie,Van Halen,mthamsq9@tiny.cc,Agender,232.146.83.64,"Von, Johnson and Nicolas",Assamese
472,Tristan,Noquet,jkeemerah@nih.gov,Female,100.13.190.138,"Padberg, Jenkins and Jenkins",Arabic
769,Rock,Fido,jortzen33@slashdot.org,Genderfluid,32.186.9.156,Lebsack Group,Khmer
187,Humfrey,Skarman,mbeddows7c@wordpress.org,Female,133.211.87.179,Pfannerstill-Rohan,Irish Gaelic
893,Eunice,Chumley,gbemrosequ@gizmodo.com,Female,158.10.23.78,"Hessel, Paucek and Brekke",French
585,Bordie,Jedrzejewsky,gausher50@salon.com,Male,194.237.68.27,Botsford and Sons,Tajik
130,Mellisa,Brecken,rbethunel0@oakley.com,Agender,90.74.194.88,Pacocha-Gutkowski,Icelandic
767,Kamila,Bertie,mhaseley7w@a8.net,Bigender,184.141.203.226,Hayes Group,Swahili
61,Hyatt,Philippart,cthews3s@bizjournals.com,Bigender,158.186.102.82,"Howell, Kunde and Moore",Papiamento
332,Haily,Philippart,kcrillyk5@reddit.com,Female,236.10.137.225,Stamm-Harber,Guaraní
622,Wileen,Vye,fluetkemeyers8b@hp.com,Polygender,14.135.146.60,"Farrell, Graham and Gutmann",Kazakh
340,Thoma,Gerritsma,zburnittqy@aol.com,Polygender,206.164.14.103,Abernathy-Luettgen,Malayalam
929,Sapphire,Somerbell,eedmondsonjj@hubpages.com,Bigender,220.230.157.118,Predovic Group,Gagauz
510,Beale,Whiteson,gbugge44@cornell.edu,Bigender,67.126.151.23,Koss-Torphy,Quechua
23,Briggs,Viney,ocolafate83@usgs.gov,Genderqueer,199.55.10.189,"Stiedemann, Lang and Moore",English
696,Chaddie,Redholes,cbumpasht@macromedia.com,Genderqueer,27.150.242.171,Olson-Hudson,Maltese
903,Tally,Candwell,nbelderfield73@nytimes.com,Genderfluid,76.151.140.146,Wyman and Sons,Catalan
1078,Walker,Mourbey,dmacadie12@linkedin.com,Polygender,67.149.111.93,"Bartoletti, Crona and Mueller",Croatian
350,Kellia,Feirn,fleitchmo@i2i.jp,Non-binary,42.4.8.202,Kuhlman Inc,Telugu
830,Delmer,Vernall,hmannockp1@g.co,Agender,75.236.40.193,Runolfsson and Sons,Aymara
908,Cash,Anscott,cmowlammg@myspace.com,Non-binary,188.65.112.120,Mante-Kreiger,Luxembourgish
103,Brunhilde,Degenhardt,esowteren@studiopress.com,Polygender,5.196.155.120,Kutch Inc,Polish
890,Bradley,Greig,spetzoldf5@huffingtonpost.com,Female,66.34.232.189,"Gusikowski, Koss and Considine",New Zealand Sign Language
292,Adelbert,Longforth,dbowl8@flickr.com,Bigender,178.236.186.111,"Simonis, Abshire and Baumbach",Tamil
243,Mollie,Bentz,dcharterisnp@sitemeter.com,Agender,16.112.216.246,"Haley, Murray and Witting",Persian
925,Amandy,Bodell,hkorba32@over-blog.com,Non-binary,147.201.15.188,Corwin-Heathcote,Malagasy
405,Carry,Bouda,mrealci@stanford.edu,Polygender,53.150.159.140,Casper LLC,Amharic
743,Berti,Aitken,cmowlammg@myspace.com,Bigender,84.36.36.197,Fritsch-Mills,Danish
600,Lynn,Fatscher,rrookebyhd@huffingtonpost.com,Polygender,204.182.251.123,Flatley Inc,Kannada
906,Barbey,Tidridge,dmcgeachie77@acquirethisname.com,Female,235.15.27.0,"Abernathy, Corwin and Jaskolski",Thai
712,Merla,Fibbens,gburchill4g@clickbank.net,Non-binary,46.34.187.176,Spencer-Dietrich,Korean
564,Felice,Pietesch,lmcnutt99@theatlantic.com,Agender,149.176.220.201,"Green, Swaniawski and Connelly",Pashto
367,Skipp,Purdie,fluetkemeyers8b@hp.com,Non-binary,118.217.36.229,Metz-Hessel,Polish
-65,James,Carnachen,rprobatek4@eventbrite.com,Bigender,2.59.52.107,Schneider Group,Guaraní
288,Wallie,Huelin,esowteren@studiopress.com,Female,130.243.94.5,Renner-Spinka,Tswana
360,Hart,Ludron,tfashionn6@hugedomains.com,Female,230.105.161.46,Abernathy-Hickle,Fijian
338,Kordula,Aldcorn,melmergk@godaddy.com,Polygender,151.119.200.241,"Medhurst, Reinger and Cartwright",Punjabi
317,Janey,Collington,gchasteneta3@psu.edu,Non-binary,234.98.110.62,"Ferry, Bernhard and Effertz",Italian
566,Richmound,Moreton,bbuckberry94@theatlantic.com,Genderfluid,169.97.90.147,Simonis Group,Dutch
896,Sandor,Prewer,lgarcict@omniture.com,Genderfluid,97.57.110.200,Price-Rippin,Persian
550,Anthiathia,Andres,ccutten9i@xinhuanet.com,Genderqueer,205.188.176.61,"Watsica, Dickens and Padberg",Afrikaans
172,Valeria,Dibbert,posmintma@umn.edu,Agender,213.42.26.183,Hirthe and Sons,Dhivehi
480,Paulette,Local,skellockii@deviantart.com,Agender,103.17.90.127,Olson-Goodwin,Kannada
323,Yettie,Bickerstaff,sunworth54@parallels.com,Bigender,164.227.132.197,"Nienow, Vandervort and Gorczany",Irish Gaelic
611,Nollie,Minty,lvoelkerqa@cyberchimps.com,Male,73.46.85.214,Abbott-Stokes,Estonian
544,Athena,Irce,kkendle3a@yale.edu,Genderfluid,62.169.21.176,Legros-Dicki,Northern Sotho
638,Keir,Pancost,canscombeoz@redcross.org,Agender,132.37.87.121,Carroll-Kuvalis,Dutch
559,Bernard,McIlmorow,wmacfadyen8t@geocities.jp,Bigender,191.157.98.149,Crist LLC,Guaraní
989,Brandtr,Local,mmoreton48@hubpages.com,Genderfluid,105.222.240.224,Trantow-Volkman,Oriya
253,Marin,Bowman,hmcilmurray4h@illinois.edu,Polygender,111.30.244.220,Heathcote-Walter,Maltese
762,Brear,Scutter,mmoreton48@hubpages.com,Female,119.117.188.34,Frami Inc,Malayalam
512,Clemmy,Noods,bgreig1n@unicef.org,Male,238.37.134.158,Hamill and Sons,Greek
823,Yorker,Shirrell,dbinford23@elegantthemes.com,Genderqueer,9.150.243.187,"VonRueden, Rodriguez and Lind",Malay
201,Griz,Barnes,btye5l@networkadvertising.org,Female,67.117.213.127,"Schmeler, Hoeger and Fay",Norwegian
-31,Fairfax,Alf,skellockii@deviantart.com,Genderqueer,22.225.51.208,Prosacco LLC,Oriya
639,Earl,Philippart,fwitheya0@reference.com,Polygender,157.139.251.47,"Veum, Kuhlman and Pfeffer",Chinese
708,Rebecca,Crowe,agadsdonbh@themeforest.net,Agender,152.86.58.226,Johns and Sons,English
748,Willard,Meegan,atranter37@omniture.com,Male,123.188.38.255,Purdy-Funk,Swahili
605,Webster,Andreix,tsnawdon1m@webs.com,Polygender,19.237.219.38,Swaniawski-Sporer,Haitian Creole
360,Grantham,Rubury,fcamings52@fastcompany.com,Genderfluid,34.197.174.193,"Fahey, Little and Altenwerth",Polish
842,Grantham,Silwood,jrederb6@goo.ne.jp,Genderfluid,231.191.210.248,Kilback-Kunze,Swahili
742,Lauren,Durno,bpringlehc@gizmodo.com,Agender,23.167.23.206,Funk-Hettinger,Italian
918,Leola,Lendon,bbealeaj@bravesites.com,Female,189.154.200.157,Gutkowski-Stehr,Romanian
-16,Gillan,Puckring,smccotterr2@webmd.com,Female,27.150.242.171,Kovacek-Halvorson,Japanese
839,Les,Stratiff,ddicarlo4u@drupal.org,Non-binary,27.150.242.171,Cartwright Group,Mongolian
802,Andrea,Worham,kbarnes5g@cbsnews.com,Polygender,165.157.64.155,Schroeder LLC,Punjabi
1020,Candida,Vise,sbridgestockg1@acquirethisname.com,Female,62.47.1.89,Effertz LLC,Irish Gaelic
830,Kerianne,Legges,fcaleyc7@elpais.com,Agender,73.46.85.214,Marks-Leuschke,Czech
724,Xever,Huelin,afolliott71@amazon.co.jp,Female,111.162.53.20,"Crooks, Rau and Mertz",Kazakh
986,Herschel,Aldcorn,kkylesm4@flavors.me,Male,163.135.231.192,"Carroll, Mertz and Marvin",Lao
160,Griz,Ellick,fiverypr@gmpg.org,Agender,31.155.207.212,Stehr and Sons,Norwegian
671,Maura,MacHoste,ccresarej@domainmarket.com,Female,89.15.170.120,Wiza-Hintz,Finnish
359,Danny,Fer,vciobotaru2m@ebay.co.uk,Non-binary,242.161.255.250,Klein Group,Luxembourgish
523,Nichol,Goodlatt,wbodell3h@hibu.com,Genderqueer,166.61.13.188,"Watsica, Reynolds and Ernser",Polish
814,Sophie,Jedrzejewsky,itidridge1l@histats.com,Agender,18.236.34.208,"Vandervort, Lindgren and Hoeger",Estonian
793,Doroteya,Denekamp,uwinterbottomlw@soundcloud.com,Male,100.13.190.138,Runolfsdottir-Schoen,Persian
915,Koressa,Bethune,lcowernbl@nationalgeographic.com,Male,197.154.77.150,Kuvalis Group,New Zealand Sign Language
79,Kennan,Jencey,zofallon27@t-online.de,Female,154.134.218.77,Frami Group,Maltese
363,Kerianne,Truce,dbowlasjl@kickstarter.com,Male,21.8.96.114,Daniel-Collins,Danish
875,Wally,Bazoge,bbeynonrl@opera.com,Polygender,77.207.135.156,"Feil, Leannon and Bergstrom",Filipino
183,Chariot,Kyte,gdundridgepv@naver.com,Female,57.16.2.213,"Osinski, Shields and Casper",Albanian
284,Lita,Kenna,rswinebp@taobao.com,Genderfluid,240.216.206.117,Dach Inc,Kazakh
265,Godfree,Bain,rheustacemv@php.net,Non-binary,223.204.6.23,Berge-Morissette,Estonian
761,Jarrod,Probate,gsulllyo5@yellowbook.com,Non-binary,164.159.65.152,"Klein, Huels and Mraz",Albanian
419,Danna,Angus,kcarnachenpu@yellowpages.com,Female,72.127.140.105,Satterfield-Wisozk,Quechua
208,Tiler,Keers,bkeersl5@wired.com,Polygender,125.112.113.192,Cole LLC,Gujarati
828,Bartie,Dominicacci,cgocher41@hud.gov,Genderfluid,52.115.22.90,Dietrich-Bernhard,Tamil
871,Pete,Craythorn,dbowlasjl@kickstarter.com,Polygender,25.211.44.222,"Marquardt, Corkery and Ebert",Marathi
717,Lurline,Jobbins,mcurrer3w@jugem.jp,Male,217.227.125.203,"Fadel, Anderson and Parisian",Assamese
644,Dyann,Beckitt,ghumberstond4@omniture.com,Genderfluid,118.217.36.229,Jakubowski LLC,Marathi
690,Peterus,Prewer,tvalentinuzzi6p@sciencedirect.com,Bigender,133.189.61.149,Powlowski-Herman,Mongolian
428,Trefor,Fer,okennerleydn@examiner.com,Genderqueer,36.19.98.221,"Champlin, Ward and Gusikowski",New Zealand Sign Language
699,Brade,Pawling,cguitelbm@1688.com,Polygender,86.206.166.69,Mertz and Sons,Greek
921,Aldin,Bardnam,adeattanr@mac.com,Non-binary,85.78.220.29,Friesen Inc,Albanian
907,Talbot,Brotherwood,kblenkinshipt@a8.net,Genderfluid,25.211.44.222,Schroeder LLC,Nepali
244,Jodie,MacGinney,dangus8a@toplist.cz,Agender,139.34.111.199,Lemke-Grant,Ndebele
809,Siffre,Bethune,hrolstonekc@pcworld.com,Non-binary,243.104.156.134,Wiza-Hintz,Malay
118,Nealson,Storrier,ckrinkh2@cloudflare.com,Female,213.42.26.183,"Cartwright, Connelly and Kutch",Kyrgyz
343,Bernard,Bugge,ccolebournecj@mac.com,Bigender,224.136.59.84,Reilly-Abbott,Czech
-84,Ursulina,Dennidge,cjira2z@virginia.edu,Female,188.65.252.185,Cruickshank-Weber,Lithuanian
205,Teodoor,Wingham,mminichi2f@microsoft.com,Female,89.22.22.219,Kuhn and Sons,German
769,Rudolph,Cartman,kblenkinshipt@a8.net,Male,164.236.126.238,Parisian and Sons,Bengali
914,Vyky,Fairley,mgeraudel74@indiegogo.com,Bigender,157.42.48.40,Swift-Bergnaum,German
963,Gibb,Assante,wleflochp@hatena.ne.jp,Genderfluid,133.82.120.3,Dach Inc,Zulu
825,Philipa,Thomsen,mbrantzen1f@noaa.gov,Polygender,115.244.9.246,"Rolfson, Gutkowski and Kunze",Filipino
633,Balduin,Burgill,mgladdolphgx@goo.gl,Female,240.53.64.233,"Sporer, Grady and Fay",Burmese
991,Karola,Sidebotham,cnunson1e@gnu.org,Genderqueer,200.197.238.24,Koch and Sons,Croatian
8,Dolph,Pierucci,lcorns4f@arizona.edu,Agender,174.45.0.134,Aufderhar and Sons,Sotho
556,Quinlan,Llewelyn,rnicklinsondz@ca.gov,Agender,97.203.108.23,"Cruickshank, Bernier and Lindgren",Irish Gaelic
699,Gael,Gerritsma,aderoeckop@techcrunch.com,Agender,233.92.53.72,Jacobi Group,Yiddish
716,Briney,Yerill,imahoneyln@yelp.com,Female,3.195.218.161,"Brakus, Jaskolski and Connelly",Tajik
771,Chaddie,Thorby,mbrastedab@weather.com,Non-binary,211.174.216.170,Legros-Dicki,Tajik
678,Phoebe,Hawkwood,bswiffen7p@kickstarter.com,Polygender,100.5.191.55,"Durgan, Murazik and Harris",Hiri Motu
167,Sheffie,Draijer,jandoverf2@squarespace.com,Female,43.153.0.114,Kilback LLC,Chinese
-7,Marcus,Tolhurst,zofallon27@t-online.de,Polygender,34.197.174.193,"Johns, Lehner and Greenfelder",Arabic
774,Curr,Staresmeare,nliepinsdb@tuttocitta.it,Male,92.146.213.54,Rutherford-Nitzsche,Gujarati
245,Roxane,Chawner,pkivellee3@furl.net,Polygender,123.188.38.255,"Watsica, Reynolds and Ernser",Swahili
505,Brandice,Heinl,amakinsonl4@theatlantic.com,Polygender,45.238.94.113,Wyman and Sons,Yiddish
272,Waylin,Carlozzi,imourbeyca@printfriendly.com,Male,81.135.214.128,Wilderman-Rice,Dutch
858,Catrina,Hadrill,llidgleymd@imgur.com,Agender,14.19.107.60,Bailey-Torphy,Pashto
353,Fidel,Reder,tdranpx@ucsd.edu,Male,61.122.98.189,Kunde-Anderson,Northern Sotho
1104,Noby,Haylands,nconechie6k@miibeian.gov.cn,Male,119.209.214.243,"Wuckert, Abshire and Nicolas",Tswana
1132,Jerrilee,Reyson,kbiddissir@soundcloud.com,Male,216.17.106.175,"Gusikowski, Koss and Considine",Aymara
940,Rosabel,Yosselevitch,sbridgestockg1@acquirethisname.com,Genderfluid,154.179.76.13,"Moore, Oberbrunner and Hackett",Gagauz
429,Letti,Chastenet,dfarlandbx@tinyurl.com,Genderqueer,227.115.87.91,Baumbach and Sons,Tok Pisin
537,Lem,Haycroft,fbertiek7@newsvine.com,Agender,82.119.59.84,Hayes Group,Azeri
534,Auberon,Chasle,mismayf8@eepurl.com,Agender,6.84.148.126,"Bradtke, Kunze and Metz",Afrikaans
704,Titos,Silwood,mbazogely@ask.com,Male,224.136.59.84,Reichel-Johnston,German
199,Nancy,Chawner,adyerson9x@wikispaces.com,Male,87.174.50.207,"Roberts, Buckridge and Halvorson",Malayalam
303,Happy,Chinge,klytelllm@ezinearticles.com,Bigender,53.1.42.154,Medhurst-Bradtke,Belarusian
330,Odella,Elce,jberryannmm@narod.ru,Genderqueer,255.65.27.122,Heathcote Inc,Latvian
426,Caresa,Kyte,apoizerj3@go.com,Genderfluid,18.84.129.167,Bosco-Bechtelar,Armenian
653,Mayor,Bridgestock,wsilverrb@sbwire.com,Non-binary,254.12.72.240,Emard and Sons,Tamil
188,Jaquenette,Stockhill,dmooringqe@i2i.jp,Bigender,140.102.235.137,Cummings-Marvin,Persian
946,Corrianne,Chawner,ppieruccigp@google.com.br,Male,165.151.16.238,Lindgren-Heller,Gujarati
303,Hildegaard,Crowest,bbealeaj@bravesites.com,Female,178.30.159.80,Ortiz-Beahan,Irish Gaelic
828,Sherwin,Gokes,tpigramhs@nationalgeographic.com,Agender,83.192.71.56,Renner and Sons,French
644,Ashla,Bould,nmccurtinoo@state.tx.us,Genderfluid,176.163.77.238,Leuschke-Schneider,Bosnian
573,Sibylla,Brinded,smaciaszekj9@naver.com,Polygender,10.241.57.125,"Hessel, Paucek and Brekke",Hebrew
796,Eunice,Phillps,mdictya1@discuz.net,Bigender,81.9.247.247,"Roob, Frami and Skiles",Lithuanian
868,Forrester,Jencey,itidridge1l@histats.com,Non-binary,16.252.28.153,Lemke and Sons,Quechua
423,Valeria,Silbermann,jlatore5@posterous.com,Female,173.224.150.176,Pfannerstill-Rohan,Romanian
239,Connie,O'Loughlin,tbushillm@devhub.com,Female,114.79.220.28,"Kerluke, Considine and Crona",Tswana
677,Andee,Mulles,gdibbertjk@xinhuanet.com,Female,172.9.101.108,Rath-Weber,Aymara
212,Corissa,Crafts,nbelderfield73@nytimes.com,Bigender,167.214.253.51,Blanda-Hagenes,Swati
1116,Rachelle,Cullivan,elocalmj@nifty.com,Non-binary,140.113.197.31,"Jacobson, Bernier and Blanda",Georgian
368,Miof mela,Cabrera,laldhousk@china.com.cn,Genderqueer,240.183.56.163,Cremin-Witting,Icelandic
108,Rudolph,Spraberry,jskatesou@si.edu,Agender,121.234.106.1,"Padberg, Jenkins and Jenkins",Fijian
113,Inga,Fisbey,cgethyn10@vkontakte.ru,Male,250.72.100.140,Aufderhar-Torp,Macedonian
855,Brandea,Cordell,lchawneria@tripadvisor.com,Genderqueer,201.109.12.252,Oberbrunner Group,German
265,Gardie,Worswick,gsimonichdw@prweb.com,Genderqueer,201.173.128.108,VonRueden-Corkery,Malagasy
44,Feodor,Presdee,abrayshaykg@feedburner.com,Non-binary,10.159.188.18,Kshlerin-Erdman,New Zealand Sign Language
898,Clare,Somerbell,fcressyix@rakuten.co.jp,Non-binary,89.15.170.120,Schuppe-Sporer,Moldovan
529,Buckie,Banyard,drosiellop6@harvard.edu,Genderqueer,34.241.218.28,Wyman and Sons,Nepali
622,Didi,Bumpas,mbrastedab@weather.com,Polygender,87.174.50.207,"Braun, Gerlach and Lindgren",Tetum
728,Marin,Chorley,bcardelloam@pcworld.com,Polygender,68.34.255.14,Schroeder Group,Kurdish
667,Wendel,Doog,otomasianls@furl.net,Male,148.149.229.164,"Boyle, Schmitt and Beahan",Quechua
617,Humbert,Bogie,mtuison4p@wix.com,Male,0.171.166.190,"McGlynn, Waters and Prohaska",Indonesian
236,Bud,Cawse,kjaniszewskipb@alexa.com,Agender,84.171.60.25,Berge-Flatley,Kyrgyz
969,Reginauld,Stonehewer,awimsettcg@histats.com,Female,137.148.175.222,Raynor LLC,Bislama
183,Tyler,Lutwyche,jdominicaccil1@dropbox.com,Bigender,62.167.191.70,"Jacobs, Shields and Rosenbaum",Dutch
869,Ganny,Stonehewer,blightewoodhv@phoca.cz,Polygender,216.92.97.160,Bergstrom Group,Chinese
619,Fernando,Pote,dcropa8@mysql.com,Genderqueer,211.87.211.72,Franecki-Thompson,German
388,Fidel,Bees,jtrembleb5@icio.us,Bigender,254.12.72.240,Sporer Group,Tajik
514,Dolley,Vauls,gdibbertjk@xinhuanet.com,Polygender,172.9.101.108,Witting-Bahringer,Burmese
853,Ingar,Cinavas,bshipstonat@baidu.com,Genderfluid,34.197.174.193,Kuhn-Ernser,Luxembourgish
974,Mendie,Rachuig,fbarbrookdc@creativecommons.org,Genderqueer,85.136.214.235,Beer-Kilback,Montenegrin
433,Mil,Kitchaside,kbusfield8i@youtu.be,Bigender,108.0.134.161,Balistreri-Beahan,Montenegrin
761,Gabriel,Hallowell,sthorley9a@issuu.com,Male,178.236.186.111,Nader-D'Amore,Swahili
756,Demetris,Makinson,gmachoste3b@china.com.cn,Genderqueer,234.172.193.104,McKenzie Inc,Azeri
758,Tricia,Dalmon,tkynan91@simplemachines.org,Agender,30.232.146.128,Schimmel Group,Finnish
819,Francis,Stockhill,lpuckringqg@fc2.com,Genderfluid,126.74.170.230,Cole Group,Italian
580,Wendel,Fawssett,sletchs@1und1.de,Female,95.212.172.96,Thompson Group,Oriya
748,Zacharia,Keers,ethawpd@sina.com.cn,Genderfluid,177.31.238.141,"Crooks, Torphy and Wyman",Maltese
789,Yalonda,Carnachen,ehewsi4@i2i.jp,Agender,210.157.23.228,Oberbrunner Inc,Tetum
248,Blanca,Geraudel,slesieur7v@alibaba.com,Agender,86.183.54.180,"Bruen, O'Hara and Kirlin",Oriya
503,Patric,Keers,bduffy92@google.ru,Genderqueer,57.73.231.123,"Franecki, Jacobi and Macejkovic",Spanish
332,Vick,Titt,fwhatley4x@slate.com,Polygender,240.149.252.241,"Champlin, Ward and Gusikowski",Aymara
951,Bertram,Bertie,aboltwoodnb@usgs.gov,Non-binary,117.254.145.66,Schuppe-Sporer,Chinese
937,Arne,Foffano,dmanis36@sbwire.com,Female,83.192.71.56,Mertz Group,Bulgarian
-82,Herbert,Heggadon,kprewer7i@ning.com,Male,219.6.244.53,"Bradtke, Bartell and Schoen",Danish
458,Melody,Kubek,cgrzegorekaq@bloglines.com,Genderqueer,34.250.145.149,"Reichert, Zboncak and Spinka",Hiri Motu
494,Jacques,Wolford,ssharmandl@who.int,Female,32.163.41.35,O'Hara Inc,Dari
1103,Kent,Enright,gheyburndu@google.ca,Bigender,9.206.1.7,"Breitenberg, Stehr and Hackett",Korean
645,David,Rookeby,spetzoldf5@huffingtonpost.com,Female,105.185.193.134,Harvey-Gottlieb,Yiddish
121,Lion,Enright,afilipsonp2@google.ru,Female,84.166.190.88,"Smith, Schumm and Doyle",Kazakh
200,Haily,Coyte,kmacginney4v@sitemeter.com,Genderqueer,46.111.223.227,Mayer Group,Punjabi
14,Linnea,Beale,awimsettcg@histats.com,Female,157.139.251.47,Schroeder Group,Burmese
538,Tybie,Capin,galdhousic@google.com.au,Genderfluid,19.237.219.38,Pouros-Ryan,Mongolian
694,Fabe,Shorbrook,lgudgero3@vimeo.com,Male,191.133.86.207,Crooks-Carroll,Georgian
686,Kent,Cockman,eminty7g@uiuc.edu,Female,155.42.124.185,Raynor and Sons,Lao
242,Gherardo,Phillps,llevison9p@archive.org,Bigender,66.98.242.226,Beatty-Wyman,Japanese
208,Marcel,Finnes,svotierm6@cam.ac.uk,Male,243.13.249.121,Dach Inc,Hindi
515,Arie,Stuchburie,ktoshc9@hud.gov,Non-binary,17.234.220.222,Daniel-Collins,Nepali
803,Emilee,Tapscott,pchinge2s@addtoany.com,Bigender,177.149.249.25,Pagac-Lockman,Marathi
372,Izzy,Binford,kbusfield8i@youtu.be,Bigender,128.76.88.197,Carroll Group,Georgian
964,Richard,Cantos,hblouetot@goo.ne.jp,Male,89.22.22.219,"Mraz, Lueilwitz and Nader",Guaraní
904,Essa,Fawckner,fmettrickfn@blogspot.com,Genderfluid,128.233.171.23,Nader-Kuhic,Tamil
487,Ignazio,Gilchriest,cmccarron1u@pagesperso-orange.fr,Genderfluid,42.49.4.43,Oberbrunner Group,Gagauz
800,Sophie,Cucuzza,bmccalister2h@51.la,Polygender,147.74.169.156,Gibson Group,Maltese
456,Hillary,Coyte,fwallheadr6@youtu.be,Genderqueer,158.168.158.78,"Breitenberg, Greenholt and Simonis",Amharic
724,Sunny,Bodle,bdesportep7@blogtalkradio.com,Agender,194.94.65.191,Heathcote Inc,Kyrgyz
495,Farlie,Gerdes,thawkwoodd0@vimeo.com,Genderfluid,45.51.44.16,"Mante, Huel and Brown",Assamese
135,Kippie,Roskelley,dkeyndqn@slideshare.net,Female,188.160.47.64,Swift-Schiller,Finnish
609,Hadleigh,Cutten,nhuthartol@hud.gov,Genderfluid,76.151.140.146,Kreiger LLC,Amharic
480,Perren,Crilly,dcreank6@naver.com,Bigender,134.150.201.143,Paucek-Stark,Hebrew
284,Thalia,Theakston,sstubbes2a@cornell.edu,Genderqueer,202.169.32.22,Pouros-Ryan,Greek
1031,Waylin,Ismay,yliversage4l@bandcamp.com,Polygender,121.76.143.205,Steuber Inc,Tetum
902,Francis,Megahey,ftruceox@reddit.com,Bigender,224.136.59.84,Will-Runte,Guaraní
632,Jarrid,Gethyn,lmckernon6n@unicef.org,Genderfluid,93.196.190.155,Streich Inc,Norwegian
338,Jo,Shipston,fbertiek7@newsvine.com,Male,53.150.159.140,Beatty-Wyman,Punjabi
46,Cyndi,Ziehm,gausher50@salon.com,Polygender,37.114.167.250,"Flatley, Koss and Yundt",Tok Pisin
464,Darcee,Pringle,rgrayshonim@paypal.com,Genderqueer,104.182.141.229,"Bechtelar, Fay and Reinger",Swati
40,Sharlene,Thews,jsidebothampa@wiley.com,Bigender,36.19.98.221,"Greenfelder, Moen and Brekke",Sotho
628,Leonora,Dran,ccicculios@gravatar.com,Male,24.49.183.73,"Bruen, Gibson and Rempel",Kannada
818,Garald,Sealeaf,btye5l@networkadvertising.org,Non-binary,59.125.210.137,Reichel-Greenholt,Hebrew
573,Dinnie,Bentz,hsenechaultli@techcrunch.com,Genderqueer,176.205.253.200,Lueilwitz and Sons,German
80,Roshelle,Skivington,esaylesjv@geocities.jp,Genderqueer,250.99.157.13,Anderson-Hoeger,Arabic
893,Zacherie,Charlet,nyerill1g@360.cn,Polygender,230.220.111.200,Runte Inc,Malay
667,Norris,Brinded,hcullivan63@washington.edu,Agender,106.189.136.231,Maggio-Ernser,Kurdish
414,Jamey,Fell,jellikerfa@yolasite.com,Non-binary,217.107.177.184,Nitzsche-Marquardt,German
160,Friedrich,Van Halen,ostockhillap@shareasale.com,Genderfluid,144.97.128.243,"Jast, Von and Dibbert",Guaraní
313,Jo-anne,Forkan,jsidebothampa@wiley.com,Polygender,230.93.59.122,Abshire and Sons,Swedish
132,Jodie,Filipson,hdibbin47@w3.org,Female,0.171.166.190,Purdy Group,Chinese
832,Hali,Tite,pamsden8u@nymag.com,Genderfluid,175.113.138.64,"Robel, Osinski and Labadie",Hebrew
173,Gilli,Ormond,rciottih3@amazon.co.uk,Female,11.234.16.16,Lind-Towne,Thai
368,Richmound,Semon,pparleylz@storify.com,Agender,177.149.249.25,"Wilkinson, Will and Runolfsdottir",Moldovan
339,Kleon,Lyddon,mtuison4p@wix.com,Bigender,5.250.206.173,Reilly-Skiles,Mongolian
232,Teodoor,Wardroper,bguiukr@cbslocal.com,Bigender,14.21.196.56,"Pouros, Sipes and Lindgren",Quechua
748,Teodoor,Got,nyurkiewicz85@amazon.co.uk,Agender,18.10.56.12,Rippin and Sons,Pashto
877,Junie,MacAindreis,gcastaignet64@marketwatch.com,Non-binary,25.211.44.222,Howell Inc,Tok Pisin
748,Tallulah,Bumpas,bheggadonh7@lycos.com,Bigender,175.42.126.217,Schowalter-Larson,Tajik
659,Kerianne,Mulles,bchadburn26@bandcamp.com,Genderfluid,36.119.76.168,Trantow-Powlowski,French
658,Grantham,Felton,nmccurtinoo@state.tx.us,Genderqueer,66.202.53.60,Reynolds LLC,Northern Sotho
365,Rayshell,Liepins,dkynvinlk@ow.ly,Agender,224.231.31.170,"Brekke, Langworth and Barrows",Croatian
444,Bernadine,Fairlaw,mtuison4p@wix.com,Polygender,16.150.231.210,Brakus Inc,Belarusian
306,Lilith,Spirritt,mchesson8h@newsvine.com,Agender,27.17.55.55,Shields LLC,Somali
418,Lay,Aldham,cschermick2n@mashable.com,Bigender,197.174.172.209,Sawayn-Towne,West Frisian
770,Kordula,Stollman,rthomsenmi@bizjournals.com,Bigender,165.157.64.155,Mitchell-Wehner,Thai
540,Erny,Duffit,sthorley9a@issuu.com,Genderfluid,231.240.78.73,Mayert-O'Reilly,Mongolian
279,Brent,Gopsall,ebohanj1@imdb.com,Agender,105.90.150.226,Bergstrom-Gleichner,Portuguese
596,Ian,Burnitt,bsparhammh@xinhuanet.com,Bigender,255.65.27.122,Schultz-Price,Zulu
985,Lek,Sowter,ldalmon5e@ycombinator.com,Male,130.243.94.5,"Leffler, Koepp and Senger",Oriya
500,Rockey,Capin,kdurno6z@columbia.edu,Male,150.215.201.138,Barrows Inc,Māori
737,Tyler,Edden,jshelsherkl@utexas.edu,Genderqueer,189.148.211.30,"Jacobs, Dicki and Kihn",Swahili
781,Brittani,Horsley,egauntere4@twitter.com,Genderfluid,79.148.32.88,Graham-Bechtelar,Persian
426,Rosaleen,Augustin,ldunkertongr@who.int,Male,67.149.111.93,"Medhurst, Reinger and Cartwright",Dhivehi
387,Warren,Salsbury,ddavidsenmc@so-net.ne.jp,Agender,54.157.79.108,O'Reilly and Sons,Korean
798,Mose,Heggadon,agerdes2c@yahoo.co.jp,Polygender,119.209.214.243,Cormier LLC,Marathi
629,Marla,Lidgley,yliversage4l@bandcamp.com,Polygender,21.2.38.70,Bruen Group,Czech
638,Maegan,Van Halen,hhentzeler6f@go.com,Male,7.3.156.223,Wolff-Farrell,Ndebele
833,Pier,Hantusch,spetzoldf5@huffingtonpost.com,Bigender,52.170.33.40,Kreiger LLC,Romanian
120,Rheba,Janca,btye5l@networkadvertising.org,Agender,79.201.0.190,O'Keefe-Roberts,French
1035,Jewel,Curmi,aseman1a@mayoclinic.com,Agender,243.13.249.121,Wiegand Inc,French
374,Suzanna,Meegan,lpote9b@tiny.cc,Female,36.119.76.168,Romaguera Inc,Finnish
756,Niall,Woodley,kbiddissir@soundcloud.com,Female,109.148.152.27,"Block, Hickle and Hackett",German
874,Ashton,Wimsett,nconechie6k@miibeian.gov.cn,Polygender,103.38.156.123,"Jacobs, Dicki and Kihn",Quechua
767,Kamila,Ashbey,sadmansfb@boston.com,Female,68.221.9.138,Metz and Sons,Swahili
1032,Chariot,Ashbridge,bsallery7f@plala.or.jp,Genderfluid,139.16.23.98,"Cormier, Boyer and Muller",Bulgarian
600,Rheba,Fairfull,nbelderfield73@nytimes.com,Polygender,137.236.163.148,Dach Inc,Malagasy
619,Marleah,Mannock,gmaliphantcs@youtu.be,Non-binary,34.197.174.193,"Breitenberg, Nolan and Kuhic",Lao
895,Kendal,Cressy,hhoundsonm3@google.nl,Polygender,6.186.22.115,Bernier-Wintheiser,Icelandic
991,Fannie,Higounet,jloughreyhh@huffingtonpost.com,Agender,245.16.75.154,Kuhlman-Crist,Pashto
544,Rutledge,Crowe,mdictya1@discuz.net,Male,253.5.98.103,Trantow-Volkman,Tok Pisin
503,Luke,Berrisford,dkynvinlk@ow.ly,Genderqueer,65.105.167.51,Hodkiewicz-Bahringer,Albanian
180,Rudolph,Castelijn,bheggadonh7@lycos.com,Bigender,19.108.184.229,"Breitenberg, Stehr and Hackett",Filipino
1133,Pammi,Gilgryst,kbeedellcd@wufoo.com,Genderfluid,175.243.143.54,Schumm LLC,Moldovan
132,Naomi,Mountney,rhintzeke@ow.ly,Genderqueer,58.144.252.250,Price-Connelly,Dhivehi
382,Berk,Aldham,mbeddows7c@wordpress.org,Female,5.146.119.26,"Collier, Mosciski and Hyatt",Tamil
160,Pincus,Yuille,gsulllyo5@yellowbook.com,Polygender,72.70.165.236,Bins LLC,Kurdish
1058,Arie,MacAindreis,hsimnelx@yahoo.co.jp,Genderfluid,116.90.12.186,"Cruickshank, Bernier and Lindgren",Irish Gaelic
657,Madelle,Stollenberg,cschermick2n@mashable.com,Agender,227.35.26.32,Kutch Inc,Punjabi
581,Roxane,Semaine,ryeatmanph@liveinternet.ru,Genderqueer,2.135.60.166,Trantow-Corwin,Telugu
673,Emylee,Swine,rvatero0@w3.org,Genderfluid,79.148.32.88,Powlowski-Herman,Tok Pisin
598,Randell,Seman,jtrembleb5@icio.us,Genderqueer,76.29.83.240,Collins LLC,Dutch
92,Waverley,Phlippi,mbonaviaj0@list-manage.com,Bigender,14.153.238.25,Ledner-O'Connell,Macedonian
555,Jaquith,Yuille,mbreissan1h@ed.gov,Bigender,74.109.68.206,Koepp-Ondricka,Montenegrin
730,Rutledge,McCurtin,jdominicaccil1@dropbox.com,Polygender,42.164.166.91,"Gislason, Wolf and Kessler",Romanian
668,Jessey,Shaefer,markcoll4j@macromedia.com,Genderfluid,254.250.107.15,Heidenreich-Hyatt,Burmese
529,Karlens,Heyburn,lcorns4f@arizona.edu,Male,112.76.153.83,"Braun, Gerlach and Lindgren",Gagauz
228,Dael,O'Rudden,datwood1x@nymag.com,Non-binary,68.221.9.138,Mayert-O'Reilly,Telugu
777,Bernete,Nettles,afibbensgs@ycombinator.com,Male,176.127.65.156,Ernser-Sipes,Lithuanian
1120,Brandea,Mendonca,helcebq@4shared.com,Genderfluid,135.252.225.85,Mraz-Haag,Nepali
510,Perla,Tonbye,eibelllr@wikipedia.org,Agender,73.46.85.214,Kiehn-Erdman,Malayalam
358,Tracee,Kybird,dkeplingco@dyndns.org,Polygender,192.129.5.91,"Breitenberg, Nolan and Kuhic",Kazakh
399,Cassi,Pelchat,jmacterrellyhr@artisteer.com,Polygender,82.250.233.46,Wintheiser-Mohr,Belarusian
295,Jaquith,Wimbridge,jgahann2@bloglines.com,Male,18.84.129.167,Homenick Inc,New Zealand Sign Language
702,Selle,Mellenby,rofallon28@loc.gov,Genderfluid,130.243.94.5,"Braun, Gerlach and Lindgren",Kazakh
812,Gerry,Bow,mduckworthk2@unesco.org,Genderqueer,210.157.23.228,Yost-Schmidt,Dutch
328,Orbadiah,Baber,ekitchasidenx@printfriendly.com,Female,194.94.65.191,Wilkinson Group,Amharic
450,Aland,Wimbridge,epennick1w@so-net.ne.jp,Bigender,212.176.171.97,Mraz-Haag,Luxembourgish
143,Candida,Kynan,gpaul4r@google.fr,Agender,18.246.64.3,Von Inc,Tsonga
813,Zolly,Ziehm,wquinane6o@themeforest.net,Agender,103.210.129.38,"Robel, Osinski and Labadie",Somali
316,Roxane,Labdon,nyurkiewicz85@amazon.co.uk,Agender,105.47.23.237,Stehr LLC,Assamese
676,Wylie,Higounet,jconaghy8e@irs.gov,Genderqueer,54.157.79.108,"Lowe, Orn and Lesch",Latvian
332,Davide,Jurn,erumminspw@linkedin.com,Non-binary,191.157.98.149,Stehr-Weber,Norwegian
737,Malvin,Burchill,rcaheyp0@gravatar.com,Bigender,150.41.119.6,Cremin-Witting,Nepali
762,Pete,Dorsett,jroset9t@blinklist.com,Male,171.224.132.228,"Nitzsche, Kling and Davis",Montenegrin
674,Betsy,Cartman,mthamsq9@tiny.cc,Female,178.236.186.111,"Becker, Osinski and Nader",Swedish
127,Ian,Angus,amcdyerqr@sciencedaily.com,Non-binary,140.125.212.92,"Johnson, Keeling and Botsford",Lithuanian
39,Thadeus,Klassman,hhentzeler6f@go.com,Polygender,128.26.206.184,Kutch Inc,Chinese
312,Gerry,Lidgley,gsulllyo5@yellowbook.com,Female,54.204.238.94,"Cole, Jaskolski and Hauck",Māori
643,Darb,Davidsen,jben68@themeforest.net,Genderqueer,54.204.238.94,Brakus Inc,Aymara
758,Elana,Yerill,eirce3g@github.com,Female,83.192.71.56,Senger-Schowalter,Gagauz
601,Joann,Redholes,jdominicaccil1@dropbox.com,Polygender,7.232.145.51,Schaden and Sons,Chinese
531,Liuka,Gruczka,esurcombe9@nytimes.com,Male,82.135.42.32,Kirlin-Murazik,Danish
641,Midge,Stockhill,kcrillyk5@reddit.com,Female,8.191.233.138,Jenkins-Gorczany,Gagauz
621,Aprilette,Entreis,mgrossmanf6@topsy.com,Polygender,236.10.137.225,"Becker, Hettinger and Wolf",Estonian
756,Lovell,Hiddy,gheyburndu@google.ca,Genderqueer,27.150.242.171,Funk-Hettinger,Tok Pisin
323,Fairfax,Shipston,gadnethx@jugem.jp,Non-binary,52.117.149.130,"Kilback, Koss and Lockman",Dari
755,Jewel,O'Cuddie,hrolstonekc@pcworld.com,Polygender,206.41.251.128,Raynor LLC,Catalan
611,Pammi,Siflet,csandeson4d@tinypic.com,Genderfluid,118.84.109.163,Daniel Group,Kazakh
89,Davide,Connar,dcuthbert9s@technorati.com,Bigender,12.145.132.241,Reichel-Greenholt,Afrikaans
773,Lyndsay,Seedhouse,vwhaiteshy@go.com,Agender,84.52.255.154,Krajcik-Muller,Greek
811,Ganny,Franceschelli,pamsden8u@nymag.com,Female,98.146.241.36,O'Kon and Sons,Georgian
904,Holly-anne,Newsome,sadmansfb@boston.com,Male,29.16.75.193,"Weissnat, Lind and Wehner",Korean
571,Patin,Gopsall,bgreig1n@unicef.org,Genderqueer,52.170.33.40,"Cartwright, Connelly and Kutch",Punjabi
500,Seymour,Burnitt,ebardnameq@slashdot.org,Genderqueer,82.169.26.252,Runte-Haag,German
592,Julissa,MacTerrelly,rthomsenmi@bizjournals.com,Non-binary,82.68.100.95,"Witting, Kassulke and Tremblay",Telugu
445,Karolina,Turrell,egiacomelli9z@economist.com,Genderqueer,121.76.143.205,"Leffler, Koepp and Senger",Somali
320,Terencio,Quinane,aszymondk@gnu.org,Male,14.21.196.56,Dooley-Turner,Swati
451,Rene,Aylward,qcawsbydf@usa.gov,Male,94.43.127.147,Wolf and Sons,Swahili
65,Tiler,Oldershaw,rfer8l@drupal.org,Bigender,179.31.3.239,"Flatley, Koss and Yundt",Armenian
123,Erhart,Stedell,jbartkowiakf4@weebly.com,Genderfluid,212.188.127.71,Reichert-Schuster,Telugu
950,Dyann,Conechie,tsyder80@networksolutions.com,Genderqueer,9.128.73.102,Metz Group,Persian
744,Walker,Maryman,kwale7y@purevolume.com,Bigender,107.96.36.233,Fadel LLC,Dzongkha
471,Nellie,Glasner,jellikerfa@yolasite.com,Genderqueer,100.251.147.165,"Sporer, Grady and Fay",Assamese
388,Lek,Sullly,cashbeye5@furl.net,Male,50.212.91.3,"Hegmann, O'Conner and Conroy",Chinese
254,Clementine,Ruddock,ilovellfz@facebook.com,Non-binary,133.189.61.149,Lind Inc,Macedonian
207,Cletus,Canizares,lbellrn@edublogs.org,Bigender,157.42.48.40,"Davis, Weissnat and Emmerich",Lao
215,Town,Siflet,aesposije@unc.edu,Non-binary,103.17.90.127,Klocko Group,Bulgarian
199,Salaidh,Allgood,jloughreyhh@huffingtonpost.com,Polygender,3.193.42.231,"Breitenberg, Nolan and Kuhic",Greek
835,Dex,Ginsie,mgeraudel74@indiegogo.com,Genderqueer,188.166.240.28,Marvin-Koch,Hindi
930,Pooh,Bentz,gscaremk@example.com,Agender,181.173.106.37,"Botsford, Stiedemann and Ernser",Greek
830,Elsworth,Wincom,alangcastle9d@scientificamerican.com,Agender,84.52.255.154,Rutherford-Nitzsche,Kashmiri
615,Fairfax,Slopier,jvenour6b@ycombinator.com,Male,214.232.0.187,Howell-Gleichner,Tetum
247,Nathanial,Draijer,hhadwinkb@noaa.gov,Genderfluid,2.29.79.6,Treutel-Jerde,Gujarati
32,Alayne,Grestye,remtage7a@npr.org,Non-binary,245.117.205.55,Erdman-Tromp,Burmese
982,Freemon,Du Hamel,jshelsherkl@utexas.edu,Bigender,201.173.128.108,"Huel, Weissnat and Harber",Somali
434,Nisse,Montford,rgadmanq8@mlb.com,Male,171.51.119.67,"Tremblay, Mertz and Murray",Northern Sotho
220,Andrea,Corns,gpatrisksonbw@cnbc.com,Male,93.64.175.26,Treutel Group,Burmese
654,Jorie,Ride,dbowlasjl@kickstarter.com,Bigender,245.16.75.154,Schimmel Group,Dari
508,Lambert,Frankes,jellikerfa@yolasite.com,Polygender,66.45.170.239,Koch-Kessler,Afrikaans
871,Jessamyn,Hackleton,eemmittn4@joomla.org,Genderfluid,253.155.234.70,Shanahan-Schoen,Luxembourgish
659,Alisander,Jako,ashambrookcv@fc2.com,Genderqueer,57.185.251.130,Mayer Group,Assamese
868,Aime,Letty,uwinterbottomlw@soundcloud.com,Agender,143.83.142.31,Runte Group,Kyrgyz
623,Briggs,Gahan,eemmittn4@joomla.org,Genderqueer,19.237.219.38,Armstrong-Heller,Hebrew
937,Lynn,Adamec,caldhamqd@yelp.com,Polygender,245.117.205.55,Johnston-Brakus,Bengali
341,Myca,Mallaby,discowitzu@dyndns.org,Female,134.248.161.9,Connelly and Sons,Spanish
294,Miltie,Cockhill,eirce3g@github.com,Non-binary,90.67.108.26,"Pollich, Hauck and Schamberger",West Frisian
507,Towney,Chasle,ksolleycz@salon.com,Genderfluid,189.5.183.126,Gottlieb-Quitzon,Moldovan
354,Farley,Blenkinship,keskrigggf@fastcompany.com,Agender,72.35.223.47,Nolan-Greenfelder,Ndebele
834,Hedvig,Colebourne,ncoiteh0@tinyurl.com,Non-binary,104.182.141.229,Bailey-Torphy,Chinese
204,Oliviero,Liepins,jroset9t@blinklist.com,Female,118.162.158.42,Kreiger-Schaefer,Chinese
828,Udell,Lydon,wibbersonnv@geocities.com,Male,110.218.33.87,Will-Ryan,Afrikaans
848,Jaquenette,Boyde,ygartlandof@gizmodo.com,Bigender,66.45.170.239,Bartoletti-Kihn,Dzongkha
1000,Ingar,Mathelin,gdundridgepv@naver.com,Female,221.104.199.83,"Connelly, Daugherty and Rowe",Polish
276,Lynnell,McEachern,tkynan91@simplemachines.org,Genderfluid,92.33.190.166,"Pollich, Hauck and Schamberger",Gujarati
876,Zacharia,Lamden,wwimbridgebj@taobao.com,Polygender,84.166.190.88,Rice-Lockman,Georgian
-15,Flint,Tixier,abrightiedt@cam.ac.uk,Female,0.171.166.190,Bauch Inc,Ndebele
247,Joella,Collington,eyosselevitchcc@tmall.com,Genderqueer,165.218.207.192,"Bradtke, Kunze and Metz",Danish
869,Andrej,Colles,kjaniszewskipb@alexa.com,Male,151.119.200.241,Will-Ryan,Lithuanian
642,Junette,Forkan,soloughlingl@networksolutions.com,Female,35.127.85.2,Lind Inc,Haitian Creole
979,Angel,Osbiston,koatley14@multiply.com,Female,197.154.77.150,Nolan-Greenfelder,Czech
918,Dex,Jimson,lgemnettm5@chron.com,Female,211.87.211.72,Price-Rippin,Malay
692,Maegan,Hentzeler,eemmittn4@joomla.org,Female,217.19.135.198,Glover LLC,Papiamento
988,Sybille,Hastie,jbanyardem@flavors.me,Genderqueer,80.136.86.13,Cormier LLC,Danish
507,Egon,Esposi,bcrowley5o@google.cn,Male,32.19.109.87,Heller-Hermiston,Lithuanian
886,Demott,Meegan,cgrzegorekaq@bloglines.com,Male,129.141.188.47,Beer LLC,Kazakh
724,Xever,Sabater,bstud57@google.com.hk,Bigender,192.129.5.91,"Abernathy, Corwin and Jaskolski",Telugu
306,Brew,Gilgryst,bgreig1n@unicef.org,Polygender,151.186.109.166,McLaughlin-Considine,French
814,Nahum,Churchward,smcarthurh8@quantcast.com,Male,105.153.197.198,"Gusikowski, Koss and Considine",Armenian
407,Phoebe,Emor,jloughreyhh@huffingtonpost.com,Female,121.91.28.238,Von-Medhurst,Italian
241,Dael,Conyard,kcinavasrf@scribd.com,Non-binary,84.186.122.42,Dare LLC,Marathi
797,Pincus,Sowter,pemlenlo@google.com.br,Agender,16.162.103.96,Dibbert-Feil,Gujarati
751,Noby,Aylward,estuchburiep5@yellowpages.com,Male,90.24.38.200,Brekke and Sons,Tok Pisin
34,Onida,Tidridge,mgeraudel74@indiegogo.com,Agender,15.197.241.212,"Hegmann, O'Conner and Conroy",Japanese
871,Yorker,Bruggen,acockman6i@biblegateway.com,Polygender,152.19.237.145,"Leffler, Streich and O'Keefe",Guaraní
764,Caitlin,Critcher,druburyoy@dell.com,Genderfluid,190.0.196.147,McKenzie Inc,Hiri Motu
650,Kimberly,Millam,cadanet34@privacy.gov.au,Non-binary,103.210.129.38,Grant and Sons,Greek
340,Jessamyn,Presdee,hsimnelx@yahoo.co.jp,Agender,7.88.80.103,Gleason-Zieme,Romanian
164,Chandal,Arnaldo,abrindedhb@skype.com,Male,0.171.166.190,Herzog-Keeling,Estonian
126,Johannah,Dibbert,fwallheadr6@youtu.be,Non-binary,118.56.125.84,Trantow-Powlowski,Danish
60,Tracee,Got,mnarrawayo8@deliciousdays.com,Polygender,106.189.136.231,"Padberg, Jenkins and Jenkins",Afrikaans
799,Nealson,MacTerrelly,esemonh1@buzzfeed.com,Bigender,56.24.73.80,"Pagac, Block and Hills",Malagasy
959,Kendal,Du Hamel,tboydepo@cbc.ca,Genderqueer,150.202.11.178,"Barton, Schiller and Block",Spanish
218,Davy,Vauls,tgerritsmad5@php.net,Male,82.154.189.215,Kilback-Kunze,Greek
921,Phebe,Lamden,jdorantek@vimeo.com,Agender,251.243.119.113,Hills and Sons,Greek
651,Deny,Mowlam,nsoigoux45@ebay.com,Agender,22.85.169.113,Feest and Sons,Finnish
1044,Essie,Le Sieur,bhought97@discuz.net,Polygender,221.119.201.72,"Johnson, Keeling and Botsford",Gagauz
834,Mindy,Jira,rheustacemv@php.net,Polygender,103.38.156.123,"Lakin, Ondricka and Lemke",Fijian
348,Andros,Lamden,abrindedhb@skype.com,Genderfluid,118.98.97.188,Reichel-Greenholt,Amharic
1062,Charlotte,Lebarree,dverriourb9@i2i.jp,Genderfluid,227.115.87.91,Jenkins-Gorczany,Tamil
302,Sophie,Crowley,bmanwellpz@alexa.com,Female,182.132.224.5,Lockman and Sons,Gujarati
311,Gibb,Paxton,klincke2@acquirethisname.com,Female,118.84.109.163,"Luettgen, Heaney and Thiel",Chinese
259,Caty,Mourbey,afolliott71@amazon.co.jp,Bigender,12.145.132.241,Reinger-Schaefer,Persian
100,Neysa,Lundbeck,fcollington78@xrea.com,Polygender,77.163.138.40,"Yundt, Gleason and Kuvalis",Sotho
744,Herschel,Candwell,nmccurtinoo@state.tx.us,Non-binary,22.225.51.208,"Crist, Smith and Stamm",Mongolian
985,Henryetta,Dorken,iblandamerejo@people.com.cn,Bigender,36.119.76.168,"Beatty, Goyette and Aufderhar",Bulgarian
590,Jerrilee,Rider,bkeersl5@wired.com,Female,10.44.81.210,O'Kon and Sons,Pashto
992,Bea,Whiteson,tfashionn6@hugedomains.com,Male,238.37.134.158,"Will, Fahey and Schowalter",Tajik
592,Duane,Jeste,pdrewrynf@nba.com,Bigender,112.141.31.62,Corwin-Heathcote,Northern Sotho
377,Tally,Pote,nchrismasg8@dedecms.com,Genderqueer,213.51.106.32,Cartwright Group,Thai
778,Cherilynn,Ludron,acollinpg@omniture.com,Non-binary,55.207.157.10,"Bayer, Rosenbaum and Zboncak",Punjabi
671,Nealson,Duffit,lcafe@java.com,Non-binary,168.133.39.210,"Hodkiewicz, Carroll and Larson",Oriya
996,Pier,Hackleton,nyurkiewicz85@amazon.co.uk,Agender,249.195.18.137,Dare LLC,Fijian
405,Estrellita,McIlmorow,bstopfordfo@cocolog-nifty.com,Genderfluid,65.105.167.51,"Lockman, O'Hara and Corkery",Spanish
908,Keriann,Desporte,pstabbins9l@cyberchimps.com,Male,213.205.165.98,"Herzog, Schuppe and Hickle",Mongolian
594,Alida,Duxfield,bbindleyq1@umich.edu,Male,18.236.34.208,Spencer Group,Armenian
843,Paco,Mariotte,aszymondk@gnu.org,Non-binary,223.12.98.100,Jenkins-Gorczany,Hebrew
486,Etienne,Goudard,dbuckel8p@goodreads.com,Female,77.21.138.183,"Leffler, Koepp and Senger",Amharic
764,Vick,Shields,estollenbeckerlu@unesco.org,Genderfluid,143.127.25.56,Jacobs-Padberg,Fijian
856,Drake,Edden,jvenour6b@ycombinator.com,Genderfluid,151.11.28.255,"Lockman, O'Hara and Corkery",Yiddish
790,Lion,Mariel,discowitzu@dyndns.org,Genderqueer,58.120.246.44,"Abernathy, Corwin and Jaskolski",Assamese
198,Caz,Slopier,eskimf1@liveinternet.ru,Genderqueer,139.94.47.80,"O'Hara, Erdman and Kemmer",Swati
867,Nancy,Mowlam,ostockhillap@shareasale.com,Genderfluid,47.89.250.152,"Brown, Boyle and Price",Sotho
510,Brandi,Crake,kparka4@intel.com,Polygender,223.126.59.253,Weber-Goodwin,Kannada
84,Ignacio,Dalmon,jingleson1o@parallels.com,Male,19.107.116.176,Abshire Inc,Norwegian
709,Patric,Yosselevitch,dmanis36@sbwire.com,Female,247.216.130.104,Cole Group,Irish Gaelic
1087,Araldo,Grendon,gbemrosequ@gizmodo.com,Agender,19.237.219.38,Steuber-Batz,Belarusian
740,Bernadina,Belchambers,ehewsi4@i2i.jp,Non-binary,139.190.185.228,Flatley-Padberg,Malagasy
94,Ax,Gatlin,ptimsqc@chicagotribune.com,Polygender,42.164.166.91,Dare LLC,Fijian
31,Janek,Stuchburie,cgethyn10@vkontakte.ru,Genderqueer,54.79.196.109,Yost-Schmidt,Kannada
746,Rees,Assante,mtitt5i@moonfruit.com,Male,221.119.201.72,Kilback Inc,Guaraní
775,Myles,Chumley,rworhamjy@vinaora.com,Female,3.195.218.161,Bradtke-Mayert,Hiri Motu
634,Celisse,Duguid,fwitheya0@reference.com,Agender,61.122.98.189,Konopelski LLC,Armenian
287,Fernando,Mowlam,ebuss8g@microsoft.com,Genderfluid,231.240.78.73,Heidenreich-Hyatt,Telugu
1113,Chariot,Elcoux,bwardroperng@timesonline.co.uk,Agender,65.108.99.75,"Towne, Graham and Leffler",Malay
170,Toddie,Burgill,csasserj4@vkontakte.ru,Female,0.204.98.204,"Crist, Smith and Stamm",Kashmiri
151,Nathanial,Georges,mchesson8h@newsvine.com,Non-binary,76.63.124.233,"Rolfson, Gutkowski and Kunze",Mongolian
760,Hatti,Fer,dswalwellhg@goodreads.com,Bigender,192.143.255.33,Cremin-Witting,Marathi
669,Karolina,Retallick,lcowernbl@nationalgeographic.com,Genderqueer,198.216.225.4,"Ebert, Kozey and Hermann",Bengali
570,Cyndi,Elcoux,kmacginney4v@sitemeter.com,Genderfluid,196.213.48.123,Bailey-Torphy,Dhivehi
520,Andee,Dorsett,hleggesqo@newyorker.com,Genderqueer,254.250.107.15,Heathcote LLC,Swedish
654,Bud,Manis,nbruggencq@dell.com,Female,134.197.16.100,Bartell Group,Northern Sotho
605,Eddi,Dran,egauntere4@twitter.com,Non-binary,57.206.141.145,Bartoletti-Kemmer,Kashmiri
562,Sherwin,Dundridge,dkhidrjd@wikia.com,Genderqueer,103.210.129.38,Sawayn-Towne,Lao
749,Adele,Redington,esurcombe9@nytimes.com,Genderfluid,211.87.211.72,Casper LLC,Northern Sotho
721,Jazmin,Genders,bglynnjs@amazonaws.com,Agender,14.21.196.56,"Breitenberg, Greenholt and Simonis",Quechua
290,Kordula,Forkan,swoodleyay@webs.com,Female,192.26.212.224,Huels Group,Lithuanian
131,Ninon,Emlen,mgrossmanf6@topsy.com,Female,2.161.32.153,"Johnson, Keeling and Botsford",Arabic
879,Gunther,Bowman,elocalmj@nifty.com,Genderqueer,82.169.26.252,Okuneva Inc,Ndebele
501,Nixie,Dmitrievski,cvillaltadr@geocities.com,Genderqueer,148.99.21.38,"Jakubowski, Dietrich and Kohler",Punjabi
812,Mozelle,Thow,pcandwellni@census.gov,Bigender,240.149.252.241,"Von, Johnson and Nicolas",Greek
126,Talyah,Garci,lwoltersc4@npr.org,Male,230.34.1.192,Crist LLC,Kazakh
-27,Norene,Harler,hsimnelx@yahoo.co.jp,Genderqueer,151.240.249.169,Harvey Inc,Zulu
549,Talyah,Frankes,ngirkebn@friendfeed.com,Agender,224.136.59.84,"Labadie, Nienow and Cormier",Hebrew
381,Irving,Forkan,bmontfordqq@artisteer.com,Polygender,35.127.85.2,"Hodkiewicz, Carroll and Larson",Latvian
657,Hildegaard,Hearthfield,bstud57@google.com.hk,Genderfluid,90.68.52.103,Treutel Group,Romanian
535,Leela,Bardnam,rtailour93@drupal.org,Polygender,88.157.67.29,Altenwerth-Bruen,Dhivehi
210,Veronique,Yosselevitch,tdanielsmq@xing.com,Polygender,72.56.106.175,O'Connell-Bode,Tswana
952,Leanor,Retallack,discowitzu@dyndns.org,Genderqueer,25.211.44.222,Kreiger-Schaefer,Māori
964,Sybille,Humberston,hpenkemt@timesonline.co.uk,Male,188.166.240.28,Thompson Group,Armenian
815,Delaney,Petzold,bhought97@discuz.net,Agender,84.92.45.181,Wiza-Barton,Dutch
888,Tobey,Foucher,gstorrierkw@dyndns.org,Genderqueer,118.139.80.186,"Abbott, Larkin and Russel",Irish Gaelic
417,Curr,Reyson,afoffano29@over-blog.com,Male,131.201.119.235,"Cartwright, O'Reilly and Leffler",Korean
859,Erik,Admans,eaitkenjz@blinklist.com,Male,255.116.88.90,"Ankunding, Rempel and Casper",Kazakh
809,Sergei,Brasted,adufauroe@boston.com,Polygender,130.243.94.5,Lockman and Sons,Somali
1081,Doralyn,Barbrook,jmatejovsky1j@storify.com,Non-binary,47.89.250.152,Hamill LLC,Assamese
195,Barbey,Duiged,llidgleymd@imgur.com,Female,227.35.26.32,Huels Group,Haitian Creole
1011,Rachelle,Ollis,estairmondh4@dell.com,Non-binary,72.96.163.191,Jaskolski-Hodkiewicz,Luxembourgish
47,Elisa,Bogges,jbartkowiakf4@weebly.com,Non-binary,78.125.112.103,Aufderhar and Sons,Persian
551,Artemus,Bazoge,cfranchionilq@indiatimes.com,Non-binary,173.140.199.76,Okuneva Inc,Macedonian
1007,Adan,Butters,rrosserak@japanpost.jp,Male,232.188.133.148,"Von, Doyle and Effertz",Portuguese
920,Gearalt,Ludron,tboydepo@cbc.ca,Non-binary,157.42.48.40,"Bartoletti, Crona and Mueller",Malagasy
379,Chery,Corkett,whundyf9@earthlink.net,Male,69.112.67.102,Schuster Group,Nepali
831,Arne,Cosely,fdenekampft@sitemeter.com,Bigender,210.157.23.228,Kuphal Inc,Belarusian
887,Josiah,Grayshon,fwilcotr4@163.com,Genderqueer,212.188.127.71,"Connelly, Daugherty and Rowe",Kurdish
698,Leonelle,Rider,bbindleyq1@umich.edu,Polygender,155.151.242.119,Will-Ryan,Tetum
766,Garreth,Allgood,thawkwoodd0@vimeo.com,Polygender,82.250.233.46,"Parker, Koch and Veum",Punjabi
605,Mata,Gennings,wquinane6o@themeforest.net,Polygender,213.51.106.32,Stehr LLC,Khmer
508,Malvin,MacHoste,lkunzelmanni0@jugem.jp,Genderfluid,144.97.128.243,Wilderman-Rice,Tetum
502,Brunhilde,Runsey,chastieps@amazon.co.jp,Male,113.100.24.49,Mante-Cormier,Gagauz
1080,Harlene,Kybird,mtitt5i@moonfruit.com,Non-binary,235.70.162.51,"O'Conner, Rogahn and Sawayn",Portuguese
626,Sax,Alf,vcalcraft42@google.ru,Male,54.79.196.109,"Kovacek, Stanton and Roberts",Norwegian
673,Aldon,Luetkemeyers,cpeasby6l@unicef.org,Genderfluid,92.146.213.54,Bashirian-Block,Pashto
343,Roma,Bowman,uearle5s@bizjournals.com,Genderqueer,192.143.255.33,Wolf-Tromp,Lao
310,Milo,Silver,iblandamerejo@people.com.cn,Male,67.117.213.127,"Larson, Wyman and Nolan",Kannada
926,Nesta,Syder,sjancahl@ted.com,Agender,58.120.145.224,"Ebert, Kozey and Hermann",Georgian
687,Doroteya,Jobbins,cmoylannc@weather.com,Genderqueer,252.169.173.185,Nicolas LLC,Gagauz
968,Shirley,Wingham,ebaulcomberc@weather.com,Bigender,165.163.197.122,"Hammes, Steuber and Deckow",Korean
-177,Midge,Verni,rdonnelly9q@shareasale.com,Male,154.168.210.99,Mohr-Thompson,Tok Pisin
885,Tristan,Griss,fluetkemeyers8b@hp.com,Genderfluid,229.218.7.3,Hodkiewicz-Bahringer,Bengali
847,Elbert,Staresmeare,aesposije@unc.edu,Genderqueer,95.179.61.252,Hilll-Harris,Croatian
273,Becca,Stedall,mdewingc8@yahoo.co.jp,Bigender,66.202.53.60,"Sipes, Stehr and Hoeger",Czech
80,Pauletta,Swiffen,kminnocklx@symantec.com,Male,212.176.171.97,Lemke and Sons,French
931,Carolina,Puckring,hpallaskeal@nifty.com,Bigender,177.237.154.219,Dach Inc,Bosnian
275,Orlan,O'Fallon,ttonbyejb@salon.com,Female,188.166.240.28,O'Kon Group,Montenegrin
608,Maria,Canizares,iseedsdi@un.org,Agender,235.234.34.250,"Jacobson, Cremin and Borer",Khmer
-106,Kingston,Gemnett,bcleworth6y@wsj.com,Genderqueer,143.143.125.234,Homenick-Erdman,Czech
791,Jamey,Lutwyche,hgallico6e@forbes.com,Bigender,116.230.166.60,Homenick-Erdman,Moldovan
158,Brandea,Vernall,ctolhurstpc@cisco.com,Male,104.126.242.185,Daugherty-Huels,Croatian
71,Artemus,Losbie,ibroadey5u@yellowbook.com,Agender,238.134.95.190,Wilderman Group,Burmese
602,Rosabel,Bindley,hmadgwickjc@ibm.com,Bigender,164.227.132.197,Rice-Lockman,Oriya
954,Sonnie,Ghelardi,fretallackfy@quantcast.com,Female,58.103.56.35,"Jacobs, Dicki and Kihn",Italian
175,Carlota,O'Loughlin,arossonifc@columbia.edu,Agender,53.101.110.170,Marvin-Koch,Malagasy
408,Myrvyn,Nettles,wyanezn5@jimdo.com,Genderfluid,175.113.138.64,"Ondricka, Mante and Ritchie",Arabic
631,Mindy,Glasner,nthorbyj6@github.io,Female,77.240.13.124,"Kovacek, Stanton and Roberts",Dari
232,Devan,Kepling,dkynvinlk@ow.ly,Genderfluid,47.89.250.152,Ryan-Reichel,Chinese
225,Kendal,Boyde,nwhybrow59@google.fr,Agender,115.244.152.102,Prohaska-Donnelly,Malagasy
302,Schuyler,Stuchburie,gdunbabinmp@ucoz.ru,Male,144.235.80.192,Wunsch-Bins,Kyrgyz
44,Ardeen,Truce,rhaileyqk@ftc.gov,Female,191.70.108.215,"Padberg, Jenkins and Jenkins",Zulu
924,Minor,McLay,gbugge44@cornell.edu,Genderqueer,103.51.1.217,Legros and Sons,Kyrgyz
207,Briney,Tregenza,bguiukr@cbslocal.com,Agender,121.234.106.1,Oberbrunner Inc,Estonian
751,Mollie,Poltun,phoffnero7@networksolutions.com,Female,0.232.143.49,Harris and Sons,Danish
862,Yuma,Assante,druburyoy@dell.com,Polygender,212.38.50.150,Ebert-Wilkinson,German
-60,Gale,Unworth,dkhidrjd@wikia.com,Bigender,188.65.252.185,Zulauf-Klocko,Kannada
708,Mellisa,Beresfore,pjedrzejewsky51@springer.com,Genderfluid,157.42.48.40,Bruen LLC,Kannada
693,Randene,Silver,blambertob@dot.gov,Agender,118.217.185.192,Lockman and Sons,Catalan
407,Jacques,Tregiddo,zsushams5n@zimbio.com,Female,77.106.52.230,"Connelly, Bosco and Barrows",Hiri Motu
773,Lynea,Binford,tcornilleaub2@vistaprint.com,Agender,243.43.147.95,"Senger, Hane and Sporer",Tajik
904,Connie,Cuthbert,kparka4@intel.com,Agender,215.85.167.29,Mante-Cormier,Hungarian
564,Quentin,Poizer,bsallery7f@plala.or.jp,Bigender,210.203.77.100,"Rohan, Krajcik and Greenfelder",Tajik
713,Willard,Halliwell,bwarmingtonbg@mapy.cz,Genderqueer,220.107.194.178,"Jast, Von and Dibbert",Italian
772,Janean,Tremble,rhaileyqk@ftc.gov,Male,22.160.243.64,"Senger, Ziemann and McLaughlin",Haitian Creole
398,Davide,Swalwell,jvenour6b@ycombinator.com,Agender,65.173.230.62,Barrows Inc,Tsonga
173,Kelcie,Maliphant,dkopjeql@mlb.com,Bigender,175.207.159.238,Crooks Group,Sotho
721,Toby,Birts,ykyme6r@yellowbook.com,Bigender,48.168.26.220,"Gutkowski, Runolfsdottir and Halvorson",Kazakh
643,Sybille,Dear,pcraftsao@skype.com,Non-binary,250.210.92.242,DuBuque-Walker,New Zealand Sign Language
975,Maxie,Elcoux,lnoquetoj@hud.gov,Polygender,51.122.139.214,Graham and Sons,Hungarian
55,Kizzie,Georgot,afolliott71@amazon.co.jp,Polygender,189.148.211.30,Littel Inc,Filipino
323,Court,Ciotti,eslyne58@newsvine.com,Genderqueer,160.127.153.126,Raynor and Sons,Latvian
861,Julissa,Matiebe,jvenour6b@ycombinator.com,Genderfluid,183.203.192.117,Kuhn-Ernser,Gujarati
295,Sampson,Butfield,aszymondk@gnu.org,Female,36.105.73.216,Schulist Group,Portuguese
1078,Paco,Thorby,scawsefv@phpbb.com,Polygender,87.174.50.207,D'Amore LLC,Telugu
342,Brandi,Withey,hdooler4z@apache.org,Male,58.120.145.224,"Brown, Boyle and Price",Khmer
357,Nataniel,Oakden,pparleylz@storify.com,Agender,180.85.44.146,Schneider Group,Khmer
1117,Lib,Oyley,wjimsonhu@buzzfeed.com,Polygender,140.113.197.31,Kirlin-Murazik,Montenegrin
1086,Elsworth,Tapscott,mcorkettpm@hubpages.com,Non-binary,227.35.26.32,Fritsch-Mills,Estonian
259,Cyndi,Minty,cbowlaslh@oracle.com,Genderfluid,194.31.57.206,Wyman-Kuphal,Kyrgyz
1098,Devan,Eskrigg,tpere22@simplemachines.org,Polygender,47.102.179.44,Haag-O'Reilly,Icelandic
505,Harley,Mallaby,kfairley15@fema.gov,Polygender,64.14.135.228,Heidenreich-Hyatt,Pashto
204,Tudor,Lyst,knurdenhn@oaic.gov.au,Bigender,90.68.52.103,"Ankunding, Rempel and Casper",Haitian Creole
680,Goldina,Oiller,ghadrilliu@cpanel.net,Male,102.52.61.39,Hyatt LLC,Thai
652,Johnny,Kinworthy,dmacadie12@linkedin.com,Genderqueer,200.197.238.24,Lind Inc,Somali
586,Waverley,Yosselevitch,fcaleyc7@elpais.com,Genderqueer,106.203.67.179,Mitchell-Wehner,Armenian
292,Demeter,Legges,kvanhalenmx@bluehost.com,Non-binary,67.117.213.127,"VonRueden, Rodriguez and Lind",German
412,Fidelio,Tolman,tkamien96@ebay.co.uk,Genderqueer,196.29.197.46,D'Amore-Wisozk,Italian
729,Francis,Kindley,pmatasovfl@si.edu,Non-binary,18.246.64.3,Considine-Collins,Armenian
673,Norris,Smail,ptimsqc@chicagotribune.com,Genderfluid,79.201.0.190,"Gibson, Erdman and Wisozk",Tamil
381,Shandeigh,Gadsdon,mwhittock1i@mac.com,Genderqueer,143.60.183.180,Okuneva Inc,Dari
339,Malvin,Dicty,alincke66@about.com,Agender,161.245.220.251,Purdy Group,Haitian Creole
1073,Georgia,Cullivan,tpyett7d@blogtalkradio.com,Female,114.200.83.54,Swift-Schiller,Irish Gaelic
